id,gameId,round,pickorder,amount
1,920,1,21,200
2,920,1,6,200
3,920,1,28,200
4,920,1,1,200
5,920,1,16,200
6,920,1,11,200
7,920,1,22,400
8,920,1,7,400
9,920,1,26,400
10,920,1,2,400
11,920,1,17,400
12,920,1,12,400
13,920,1,23,600
14,920,1,8,600
15,920,1,27,600
16,920,1,3,600
17,920,1,18,600
18,920,1,13,600
19,920,1,24,800
20,920,1,9,800
21,920,1,29,600
22,920,1,4,800
23,920,1,19,800
24,920,1,14,800
25,920,1,25,1000
26,920,1,10,1000
27,920,1,30,1000
28,920,1,5,1000
29,920,1,20,1000
30,920,1,15,1000
31,920,2,1,400
32,920,2,12,400
33,920,2,11,400
34,920,2,21,400
35,920,2,6,400
36,920,2,26,400
37,920,2,2,800
38,920,2,13,800
39,920,2,17,800
40,920,2,22,800
41,920,2,7,6200
42,920,2,27,800
43,920,2,3,1200
44,920,2,14,1200
45,920,2,18,1200
46,920,2,23,1200
47,920,2,8,1200
48,920,2,4,10000
49,920,2,15,1600
50,920,2,19,1600
51,920,2,24,1600
52,920,2,9,1600
53,920,2,29,1600
54,920,2,5,2000
55,920,2,16,2000
56,920,2,20,2000
57,920,2,25,2000
58,920,2,10,2000
59,920,2,28,2000
60,920,3,0,0
61,2732,1,1,200
62,2732,1,6,200
63,2732,1,13,200
64,2732,1,21,200
65,2732,1,11,200
66,2732,1,26,400
67,2732,1,2,400
68,2732,1,7,400
69,2732,1,16,400
70,2732,1,22,400
71,2732,1,12,400
72,2732,1,27,3200
73,2732,1,3,600
74,2732,1,8,600
75,2732,1,18,600
76,2732,1,23,600
77,2732,1,14,600
78,2732,1,28,800
79,2732,1,4,800
80,2732,1,9,800
81,2732,1,19,800
82,2732,1,24,800
83,2732,1,15,800
84,2732,1,29,1000
85,2732,1,5,1000
86,2732,1,10,1000
87,2732,1,20,1000
88,2732,1,25,1000
89,2732,1,17,1000
90,2732,2,26,400
91,2732,2,6,400
92,2732,2,16,400
93,2732,2,11,400
94,2732,2,1,400
95,2732,2,21,400
96,2732,2,27,800
97,2732,2,7,800
98,2732,2,17,800
99,2732,2,12,800
100,2732,2,2,800
101,2732,2,22,800
102,2732,2,28,1200
103,2732,2,8,1200
104,2732,2,18,6000
105,2732,2,13,1200
106,2732,2,3,1200
107,2732,2,23,1200
108,2732,2,29,1600
109,2732,2,9,1600
110,2732,2,19,1600
111,2732,2,14,1600
112,2732,2,4,1600
113,2732,2,24,6000
114,2732,2,10,2000
115,2732,2,20,2000
116,2732,2,15,2000
117,2732,2,5,2000
118,2732,2,25,2000
119,2732,3,0,0
120,2731,1,18,200
121,2731,1,1,200
122,2731,1,24,200
123,2731,1,6,200
124,2731,1,16,200
125,2731,1,11,200
126,2731,1,19,400
127,2731,1,2,400
128,2731,1,25,400
129,2731,1,7,400
130,2731,1,17,400
131,2731,1,12,400
132,2731,1,20,600
133,2731,1,3,600
134,2731,1,26,600
135,2731,1,8,600
136,2731,1,23,600
137,2731,1,13,600
138,2731,1,21,800
139,2731,1,4,800
140,2731,1,27,800
141,2731,1,9,800
142,2731,1,29,800
143,2731,1,14,800
144,2731,1,22,1000
145,2731,1,5,1000
146,2731,1,28,1000
147,2731,1,10,4000
148,2731,1,30,1000
149,2731,1,15,1000
150,2731,2,1,400
151,2731,2,11,400
152,2731,2,16,400
153,2731,2,26,400
154,2731,2,21,400
155,2731,2,6,400
156,2731,2,2,800
157,2731,2,12,800
158,2731,2,17,800
159,2731,2,27,800
160,2731,2,22,800
161,2731,2,7,800
162,2731,2,3,1200
163,2731,2,13,1200
164,2731,2,18,1200
165,2731,2,28,1200
166,2731,2,23,1200
167,2731,2,8,1200
168,2731,2,4,1600
169,2731,2,14,1600
170,2731,2,19,1600
171,2731,2,29,1600
172,2731,2,24,1600
173,2731,2,9,1600
174,2731,2,5,2000
175,2731,2,15,2000
176,2731,2,20,3200
177,2731,2,30,6600
178,2731,2,25,2000
179,2731,2,10,2000
180,2731,3,0,0
181,2730,1,9,200
182,2730,1,26,200
183,2730,1,1,200
184,2730,1,6,200
185,2730,1,21,200
186,2730,1,16,200
187,2730,1,12,400
188,2730,1,27,400
189,2730,1,2,400
190,2730,1,7,400
191,2730,1,22,400
192,2730,1,17,400
193,2730,1,13,600
194,2730,1,28,600
195,2730,1,3,600
196,2730,1,8,600
197,2730,1,23,600
198,2730,1,18,600
199,2730,1,14,800
200,2730,1,29,800
201,2730,1,4,800
202,2730,1,10,800
203,2730,1,24,800
204,2730,1,19,800
205,2730,1,15,1000
206,2730,1,5,1000
207,2730,1,11,1000
208,2730,1,25,1000
209,2730,1,20,1000
210,2730,2,1,400
211,2730,2,11,400
212,2730,2,6,400
213,2730,2,21,400
214,2730,2,26,400
215,2730,2,16,400
216,2730,2,2,800
217,2730,2,12,800
218,2730,2,7,800
219,2730,2,22,7200
220,2730,2,27,800
221,2730,2,17,800
222,2730,2,3,1200
223,2730,2,13,1200
224,2730,2,8,1200
225,2730,2,23,1200
226,2730,2,28,1200
227,2730,2,18,1200
228,2730,2,4,1600
229,2730,2,14,1600
230,2730,2,9,1600
231,2730,2,24,1600
232,2730,2,29,1600
233,2730,2,19,1600
234,2730,2,5,2000
235,2730,2,15,3000
236,2730,2,10,2000
237,2730,2,25,2000
238,2730,2,30,2000
239,2730,2,20,2000
240,2730,3,0,0
241,2729,1,16,200
242,2729,1,21,200
243,2729,1,1,200
244,2729,1,6,200
245,2729,1,24,200
246,2729,1,11,200
247,2729,1,17,400
248,2729,1,22,400
249,2729,1,2,400
250,2729,1,7,400
251,2729,1,30,400
252,2729,1,12,400
253,2729,1,18,600
254,2729,1,23,600
255,2729,1,3,1000
256,2729,1,8,600
257,2729,1,25,600
258,2729,1,13,600
259,2729,1,19,800
260,2729,1,28,800
261,2729,1,4,800
262,2729,1,9,800
263,2729,1,26,800
264,2729,1,14,800
265,2729,1,20,1000
266,2729,1,29,1000
267,2729,1,5,1000
268,2729,1,10,1000
269,2729,1,27,1000
270,2729,1,15,1000
271,2729,2,6,400
272,2729,2,1,400
273,2729,2,8,400
274,2729,2,16,400
275,2729,2,30,400
276,2729,2,28,400
277,2729,2,7,800
278,2729,2,2,800
279,2729,2,9,800
280,2729,2,17,800
281,2729,2,29,800
282,2729,2,27,800
283,2729,2,13,1200
284,2729,2,3,1200
285,2729,2,10,1200
286,2729,2,18,1200
287,2729,2,21,1200
288,2729,2,22,1200
289,2729,2,14,1600
290,2729,2,4,1600
291,2729,2,11,1600
292,2729,2,19,1600
293,2729,2,23,1600
294,2729,2,24,6800
295,2729,2,15,2000
296,2729,2,5,2000
297,2729,2,12,2000
298,2729,2,20,2000
299,2729,2,25,5000
300,2729,2,26,2000
301,2729,3,0,0
302,2485,1,1,200
303,2485,1,22,200
304,2485,1,12,200
305,2485,1,17,200
306,2485,1,6,200
307,2485,1,9,200
308,2485,1,2,400
309,2485,1,23,400
310,2485,1,13,400
311,2485,1,21,400
312,2485,1,7,400
313,2485,1,26,400
314,2485,1,3,600
315,2485,1,24,600
316,2485,1,14,600
317,2485,1,18,600
318,2485,1,8,600
319,2485,1,28,600
320,2485,1,4,800
321,2485,1,25,800
322,2485,1,15,800
323,2485,1,19,800
324,2485,1,10,800
325,2485,1,29,800
326,2485,1,5,1000
327,2485,1,27,1000
328,2485,1,16,1000
329,2485,1,20,3000
330,2485,1,11,1000
331,2485,1,30,1000
332,2485,2,15,400
333,2485,2,17,400
334,2485,2,22,400
335,2485,2,26,400
336,2485,2,6,400
337,2485,2,1,400
338,2485,2,7,800
339,2485,2,18,800
340,2485,2,23,800
341,2485,2,27,800
342,2485,2,8,800
343,2485,2,2,800
344,2485,2,11,1200
345,2485,2,19,1200
346,2485,2,24,1200
347,2485,2,28,1200
348,2485,2,9,1200
349,2485,2,3,1200
350,2485,2,13,4200
351,2485,2,20,1600
352,2485,2,16,1600
353,2485,2,29,6200
354,2485,2,10,1600
355,2485,2,4,1600
356,2485,2,14,2000
357,2485,2,21,2000
358,2485,2,25,2000
359,2485,2,30,2000
360,2485,2,12,2000
361,2485,2,5,2000
362,2485,3,0,0
363,2723,1,1,200
364,2723,1,8,200
365,2723,1,26,200
366,2723,1,7,200
367,2723,1,6,200
368,2723,1,17,200
369,2723,1,2,400
370,2723,1,14,400
371,2723,1,27,400
372,2723,1,9,400
373,2723,1,13,400
374,2723,1,19,400
375,2723,1,3,600
376,2723,1,16,600
377,2723,1,28,600
378,2723,1,10,600
379,2723,1,15,600
380,2723,1,21,600
381,2723,1,4,800
382,2723,1,22,800
383,2723,1,29,800
384,2723,1,11,800
385,2723,1,18,800
386,2723,1,24,800
387,2723,1,5,1000
388,2723,1,23,1000
389,2723,1,30,500
390,2723,1,12,1000
391,2723,1,20,1000
392,2723,1,25,1000
393,2723,2,15,400
394,2723,2,1,400
395,2723,2,7,400
396,2723,2,26,400
397,2723,2,21,400
398,2723,2,4,400
399,2723,2,16,800
400,2723,2,2,800
401,2723,2,8,800
402,2723,2,27,800
403,2723,2,22,800
404,2723,2,11,6000
405,2723,2,17,1200
406,2723,2,3,1200
407,2723,2,9,1200
408,2723,2,28,1200
409,2723,2,23,1200
410,2723,2,12,1200
411,2723,2,18,1600
412,2723,2,5,1600
413,2723,2,10,1600
414,2723,2,29,1600
415,2723,2,24,6400
416,2723,2,13,1600
417,2723,2,19,2000
418,2723,2,6,2000
419,2723,2,14,2000
420,2723,2,30,2000
421,2723,2,25,2000
422,2723,2,20,2000
423,2723,3,0,0
424,2722,1,11,200
425,2722,1,1,200
426,2722,1,26,200
427,2722,1,6,200
428,2722,1,16,200
429,2722,1,21,200
430,2722,1,12,400
431,2722,1,2,400
432,2722,1,27,400
433,2722,1,7,400
434,2722,1,17,400
435,2722,1,22,400
436,2722,1,13,600
437,2722,1,3,600
438,2722,1,28,600
439,2722,1,8,600
440,2722,1,18,600
441,2722,1,23,600
442,2722,1,14,800
443,2722,1,4,800
444,2722,1,29,800
445,2722,1,9,1200
446,2722,1,19,800
447,2722,1,24,800
448,2722,1,15,1000
449,2722,1,5,1000
450,2722,1,30,1000
451,2722,1,10,1000
452,2722,1,20,1000
453,2722,1,25,1000
454,2722,2,21,400
455,2722,2,11,400
456,2722,2,5,400
457,2722,2,1,400
458,2722,2,26,400
459,2722,2,16,400
460,2722,2,22,800
461,2722,2,12,800
462,2722,2,7,800
463,2722,2,2,800
464,2722,2,27,800
465,2722,2,17,800
466,2722,2,23,1200
467,2722,2,13,1200
468,2722,2,8,1200
469,2722,2,3,1200
470,2722,2,28,1200
471,2722,2,18,1200
472,2722,2,24,4200
473,2722,2,14,1600
474,2722,2,9,1600
475,2722,2,4,1600
476,2722,2,29,1600
477,2722,2,19,1600
478,2722,2,25,2000
479,2722,2,15,5800
480,2722,2,10,2000
481,2722,2,6,2000
482,2722,2,30,2000
483,2722,2,20,2000
484,2722,3,0,0
485,2721,1,21,200
486,2721,1,1,200
487,2721,1,16,200
488,2721,1,26,200
489,2721,1,6,200
490,2721,1,11,200
491,2721,1,22,400
492,2721,1,2,400
493,2721,1,17,400
494,2721,1,27,400
495,2721,1,7,400
496,2721,1,12,400
497,2721,1,23,600
498,2721,1,3,600
499,2721,1,18,600
500,2721,1,30,600
501,2721,1,8,600
502,2721,1,13,600
503,2721,1,24,1400
504,2721,1,4,800
505,2721,1,19,800
506,2721,1,28,800
507,2721,1,9,800
508,2721,1,14,800
509,2721,1,25,1000
510,2721,1,5,1000
511,2721,1,20,1000
512,2721,1,29,1000
513,2721,1,10,1000
514,2721,1,15,1000
515,2721,2,11,400
516,2721,2,26,400
517,2721,2,6,400
518,2721,2,16,400
519,2721,2,21,400
520,2721,2,1,400
521,2721,2,12,800
522,2721,2,27,800
523,2721,2,7,800
524,2721,2,17,800
525,2721,2,22,800
526,2721,2,2,800
527,2721,2,13,5200
528,2721,2,28,1200
529,2721,2,8,1200
530,2721,2,18,1200
531,2721,2,23,1200
532,2721,2,3,1200
533,2721,2,14,1600
534,2721,2,29,1600
535,2721,2,9,1600
536,2721,2,19,1600
537,2721,2,24,5800
538,2721,2,4,1600
539,2721,2,15,2000
540,2721,2,30,2000
541,2721,2,10,2000
542,2721,2,20,2000
543,2721,2,25,2000
544,2721,2,5,2000
545,2721,3,0,0
546,2705,1,1,200
547,2705,1,6,200
548,2705,1,11,200
549,2705,1,21,200
550,2705,1,16,200
551,2705,1,26,200
552,2705,1,2,400
553,2705,1,7,400
554,2705,1,12,400
555,2705,1,22,400
556,2705,1,17,400
557,2705,1,27,400
558,2705,1,3,600
559,2705,1,8,600
560,2705,1,13,600
561,2705,1,23,600
562,2705,1,18,600
563,2705,1,28,600
564,2705,1,4,800
565,2705,1,9,800
566,2705,1,14,800
567,2705,1,24,800
568,2705,1,19,800
569,2705,1,29,1300
570,2705,1,5,1000
571,2705,1,10,1000
572,2705,1,15,1000
573,2705,1,25,1000
574,2705,1,20,1000
575,2705,1,30,1000
576,2705,2,4,400
577,2705,2,28,400
578,2705,2,29,400
579,2705,2,30,400
580,2705,2,14,400
581,2705,2,9,400
582,2705,2,5,800
583,2705,2,26,800
584,2705,2,27,800
585,2705,2,19,800
586,2705,2,15,800
587,2705,2,10,800
588,2705,2,6,1200
589,2705,2,25,1200
590,2705,2,1,1200
591,2705,2,20,1200
592,2705,2,16,1200
593,2705,2,11,1200
594,2705,2,7,1600
595,2705,2,24,1600
596,2705,2,2,3900
597,2705,2,21,4100
598,2705,2,17,1600
599,2705,2,12,1600
600,2705,2,8,2000
601,2705,2,23,2000
602,2705,2,3,2000
603,2705,2,22,2000
604,2705,2,18,2000
605,2705,2,13,2000
606,2705,3,0,0
607,2704,1,17,200
608,2704,1,1,200
609,2704,1,13,200
610,2704,1,11,200
611,2704,1,26,200
612,2704,1,6,200
613,2704,1,18,400
614,2704,1,2,400
615,2704,1,22,400
616,2704,1,12,400
617,2704,1,27,400
618,2704,1,7,400
619,2704,1,19,600
620,2704,1,3,600
621,2704,1,23,600
622,2704,1,14,600
623,2704,1,28,600
624,2704,1,8,600
625,2704,1,20,800
626,2704,1,4,800
627,2704,1,24,800
628,2704,1,15,800
629,2704,1,29,800
630,2704,1,9,800
631,2704,1,21,1000
632,2704,1,5,1000
633,2704,1,25,1000
634,2704,1,16,1000
635,2704,1,10,3800
636,2704,2,7,400
637,2704,2,16,400
638,2704,2,19,400
639,2704,2,6,400
640,2704,2,26,400
641,2704,2,1,400
642,2704,2,8,800
643,2704,2,17,800
644,2704,2,20,800
645,2704,2,12,800
646,2704,2,27,6400
647,2704,2,2,800
648,2704,2,9,1200
649,2704,2,18,1200
650,2704,2,21,1200
651,2704,2,13,1200
652,2704,2,28,1200
653,2704,2,3,1200
654,2704,2,10,1600
655,2704,2,24,1600
656,2704,2,22,1600
657,2704,2,14,1600
658,2704,2,29,1600
659,2704,2,4,3000
660,2704,2,11,2000
661,2704,2,25,2000
662,2704,2,23,2000
663,2704,2,15,2000
664,2704,2,30,2000
665,2704,2,5,2000
666,2704,3,0,0
667,2703,1,6,200
668,2703,1,1,200
669,2703,1,26,200
670,2703,1,11,200
671,2703,1,16,200
672,2703,1,21,200
673,2703,1,7,400
674,2703,1,2,400
675,2703,1,27,400
676,2703,1,12,400
677,2703,1,17,400
678,2703,1,22,400
679,2703,1,8,600
680,2703,1,3,600
681,2703,1,28,600
682,2703,1,13,600
683,2703,1,18,600
684,2703,1,23,1700
685,2703,1,9,800
686,2703,1,4,800
687,2703,1,29,800
688,2703,1,14,800
689,2703,1,19,800
690,2703,1,24,800
691,2703,1,10,1000
692,2703,1,5,1000
693,2703,1,30,1000
694,2703,1,15,1000
695,2703,1,20,1000
696,2703,1,25,1000
697,2703,2,16,400
698,2703,2,26,400
699,2703,2,21,400
700,2703,2,1,400
701,2703,2,11,400
702,2703,2,6,400
703,2703,2,17,800
704,2703,2,27,800
705,2703,2,22,800
706,2703,2,2,800
707,2703,2,12,800
708,2703,2,7,800
709,2703,2,18,1200
710,2703,2,28,1200
711,2703,2,23,3000
712,2703,2,3,1200
713,2703,2,13,1200
714,2703,2,8,1200
715,2703,2,19,1600
716,2703,2,29,1600
717,2703,2,24,1600
718,2703,2,4,1600
719,2703,2,14,1600
720,2703,2,9,1600
721,2703,2,20,2000
722,2703,2,30,2000
723,2703,2,25,2000
724,2703,2,5,2000
725,2703,2,15,6300
726,2703,2,10,2000
727,2703,3,0,0
728,2700,1,21,200
729,2700,1,1,200
730,2700,1,11,200
731,2700,1,6,200
732,2700,1,16,200
733,2700,1,26,200
734,2700,1,22,400
735,2700,1,2,400
736,2700,1,12,400
737,2700,1,7,400
738,2700,1,17,400
739,2700,1,27,400
740,2700,1,23,600
741,2700,1,3,600
742,2700,1,13,600
743,2700,1,8,600
744,2700,1,18,600
745,2700,1,28,600
746,2700,1,24,800
747,2700,1,4,800
748,2700,1,14,800
749,2700,1,9,800
750,2700,1,19,800
751,2700,1,29,800
752,2700,1,25,1800
753,2700,1,5,1000
754,2700,1,15,1000
755,2700,1,10,1000
756,2700,1,20,1000
757,2700,1,30,1000
758,2700,2,12,400
759,2700,2,2,400
760,2700,2,17,400
761,2700,2,1,400
762,2700,2,26,400
763,2700,2,7,400
764,2700,2,13,7200
765,2700,2,3,800
766,2700,2,18,800
767,2700,2,22,800
768,2700,2,27,800
769,2700,2,8,800
770,2700,2,14,1200
771,2700,2,4,1200
772,2700,2,19,1200
773,2700,2,23,1200
774,2700,2,28,600
775,2700,2,9,1200
776,2700,2,15,1600
777,2700,2,5,1600
778,2700,2,20,1600
779,2700,2,24,1600
780,2700,2,29,1600
781,2700,2,10,1600
782,2700,2,16,2000
783,2700,2,6,2000
784,2700,2,21,2000
785,2700,2,25,2000
786,2700,2,30,2000
787,2700,2,11,2000
788,2700,3,0,0
789,2699,1,6,200
790,2699,1,21,200
791,2699,1,11,200
792,2699,1,1,200
793,2699,1,26,200
794,2699,1,16,200
795,2699,1,7,400
796,2699,1,22,400
797,2699,1,12,400
798,2699,1,2,400
799,2699,1,27,400
800,2699,1,17,400
801,2699,1,8,600
802,2699,1,23,600
803,2699,1,13,600
804,2699,1,3,600
805,2699,1,28,600
806,2699,1,18,600
807,2699,1,9,800
808,2699,1,24,800
809,2699,1,14,800
810,2699,1,4,800
811,2699,1,29,800
812,2699,1,19,800
813,2699,1,10,1000
814,2699,1,25,1000
815,2699,1,15,1000
816,2699,1,5,1000
817,2699,1,30,1000
818,2699,1,20,1000
819,2699,2,6,400
820,2699,2,1,400
821,2699,2,16,400
822,2699,2,26,400
823,2699,2,11,400
824,2699,2,21,400
825,2699,2,7,800
826,2699,2,2,800
827,2699,2,17,800
828,2699,2,27,800
829,2699,2,12,800
830,2699,2,22,800
831,2699,2,8,1200
832,2699,2,3,1200
833,2699,2,18,5000
834,2699,2,28,1200
835,2699,2,13,1200
836,2699,2,23,1200
837,2699,2,9,1600
838,2699,2,4,1600
839,2699,2,19,1600
840,2699,2,30,1600
841,2699,2,14,1600
842,2699,2,24,1600
843,2699,2,10,2000
844,2699,2,5,2000
845,2699,2,20,2000
846,2699,2,29,2000
847,2699,2,15,2000
848,2699,2,25,2000
849,2699,3,0,0
850,2697,1,26,200
851,2697,1,11,200
852,2697,1,16,200
853,2697,1,8,200
854,2697,1,1,200
855,2697,1,6,200
856,2697,1,27,400
857,2697,1,15,400
858,2697,1,17,400
859,2697,1,9,400
860,2697,1,2,400
861,2697,1,7,400
862,2697,1,28,600
863,2697,1,18,600
864,2697,1,22,600
865,2697,1,12,600
866,2697,1,3,1000
867,2697,1,10,600
868,2697,1,29,800
869,2697,1,19,800
870,2697,1,24,800
871,2697,1,13,800
872,2697,1,4,800
873,2697,1,21,800
874,2697,1,30,1000
875,2697,1,20,1000
876,2697,1,25,1000
877,2697,1,14,1000
878,2697,1,5,1000
879,2697,1,23,1000
880,2697,2,19,400
881,2697,2,1,400
882,2697,2,11,400
883,2697,2,16,400
884,2697,2,24,400
885,2697,2,6,400
886,2697,2,20,4200
887,2697,2,2,800
888,2697,2,12,800
889,2697,2,17,800
890,2697,2,25,800
891,2697,2,7,800
892,2697,2,21,1200
893,2697,2,3,1200
894,2697,2,13,1200
895,2697,2,18,1200
896,2697,2,8,1200
897,2697,2,4,1600
898,2697,2,14,1600
899,2697,2,22,1600
900,2697,2,27,1600
901,2697,2,9,1600
902,2697,2,28,2000
903,2697,2,5,2000
904,2697,2,15,2000
905,2697,2,23,2000
906,2697,2,26,2000
907,2697,2,10,4000
908,2697,3,0,0
909,2696,1,11,200
910,2696,1,16,200
911,2696,1,21,200
912,2696,1,26,200
913,2696,1,1,200
914,2696,1,6,200
915,2696,1,12,400
916,2696,1,17,400
917,2696,1,22,400
918,2696,1,28,400
919,2696,1,2,400
920,2696,1,7,400
921,2696,1,13,600
922,2696,1,18,600
923,2696,1,23,600
924,2696,1,27,600
925,2696,1,3,600
926,2696,1,8,600
927,2696,1,14,800
928,2696,1,19,800
929,2696,1,24,800
930,2696,1,29,3600
931,2696,1,4,800
932,2696,1,9,800
933,2696,1,15,1000
934,2696,1,20,1000
935,2696,1,25,1000
936,2696,1,5,1000
937,2696,1,10,1000
938,2696,2,6,400
939,2696,2,21,400
940,2696,2,26,400
941,2696,2,11,400
942,2696,2,1,400
943,2696,2,12,400
944,2696,2,7,800
945,2696,2,22,800
946,2696,2,17,800
947,2696,2,2,800
948,2696,2,13,800
949,2696,2,8,1200
950,2696,2,23,1200
951,2696,2,29,1200
952,2696,2,18,1200
953,2696,2,3,1200
954,2696,2,14,1200
955,2696,2,9,3000
956,2696,2,24,1600
957,2696,2,28,1600
958,2696,2,19,1600
959,2696,2,4,1600
960,2696,2,15,1600
961,2696,2,10,2000
962,2696,2,25,2000
963,2696,2,27,2000
964,2696,2,20,2000
965,2696,2,5,2000
966,2696,2,16,2000
967,2696,3,0,0
968,2695,1,1,200
969,2695,1,6,200
970,2695,1,17,200
971,2695,1,7,200
972,2695,1,16,200
973,2695,1,26,200
974,2695,1,2,400
975,2695,1,8,400
976,2695,1,18,400
977,2695,1,11,400
978,2695,1,22,400
979,2695,1,27,400
980,2695,1,3,600
981,2695,1,9,600
982,2695,1,19,600
983,2695,1,12,600
984,2695,1,23,600
985,2695,1,28,600
986,2695,1,4,800
987,2695,1,10,800
988,2695,1,20,800
989,2695,1,14,800
990,2695,1,24,800
991,2695,1,29,200
992,2695,1,5,1000
993,2695,1,13,1000
994,2695,1,21,1000
995,2695,1,15,1000
996,2695,1,25,1000
997,2695,1,30,1000
998,2695,2,2,400
999,2695,2,21,400
1000,2695,2,12,400
1001,2695,2,1,400
1002,2695,2,24,400
1003,2695,2,7,400
1004,2695,2,3,800
1005,2695,2,22,800
1006,2695,2,17,800
1007,2695,2,13,800
1008,2695,2,25,800
1009,2695,2,8,800
1010,2695,2,4,1200
1011,2695,2,23,1200
1012,2695,2,18,1200
1013,2695,2,14,1200
1014,2695,2,26,1200
1015,2695,2,9,1200
1016,2695,2,5,1600
1017,2695,2,27,1600
1018,2695,2,19,6000
1019,2695,2,15,1600
1020,2695,2,29,1600
1021,2695,2,10,1600
1022,2695,2,6,2000
1023,2695,2,28,2000
1024,2695,2,20,2000
1025,2695,2,16,2400
1026,2695,2,30,2000
1027,2695,2,11,2000
1028,2695,3,0,0
1029,2694,1,9,200
1030,2694,1,16,200
1031,2694,1,1,200
1032,2694,1,3,200
1033,2694,1,21,200
1034,2694,1,26,200
1035,2694,1,10,1000
1036,2694,1,17,400
1037,2694,1,2,400
1038,2694,1,4,400
1039,2694,1,22,400
1040,2694,1,27,400
1041,2694,1,11,600
1042,2694,1,18,600
1043,2694,1,8,600
1044,2694,1,5,600
1045,2694,1,23,600
1046,2694,1,28,600
1047,2694,1,14,800
1048,2694,1,19,800
1049,2694,1,12,800
1050,2694,1,6,800
1051,2694,1,24,800
1052,2694,1,29,800
1053,2694,1,15,1000
1054,2694,1,20,1000
1055,2694,1,13,1000
1056,2694,1,7,1000
1057,2694,1,25,1000
1058,2694,1,30,1000
1059,2694,2,2,400
1060,2694,2,7,400
1061,2694,2,1,400
1062,2694,2,16,400
1063,2694,2,21,400
1064,2694,2,30,400
1065,2694,2,3,800
1066,2694,2,8,800
1067,2694,2,10,800
1068,2694,2,17,800
1069,2694,2,22,800
1070,2694,2,26,800
1071,2694,2,4,2400
1072,2694,2,9,1200
1073,2694,2,13,1200
1074,2694,2,18,1200
1075,2694,2,23,1200
1076,2694,2,27,1200
1077,2694,2,5,1600
1078,2694,2,11,1600
1079,2694,2,14,1600
1080,2694,2,19,1600
1081,2694,2,24,1600
1082,2694,2,28,1600
1083,2694,2,6,2000
1084,2694,2,12,2000
1085,2694,2,15,2000
1086,2694,2,20,2000
1087,2694,2,25,2000
1088,2694,2,29,2800
1089,2694,3,0,0
1090,2693,1,5,200
1091,2693,1,1,200
1092,2693,1,9,200
1093,2693,1,26,200
1094,2693,1,16,200
1095,2693,1,21,200
1096,2693,1,7,400
1097,2693,1,2,400
1098,2693,1,10,400
1099,2693,1,27,400
1100,2693,1,17,400
1101,2693,1,22,400
1102,2693,1,8,600
1103,2693,1,3,600
1104,2693,1,11,600
1105,2693,1,28,600
1106,2693,1,18,600
1107,2693,1,23,600
1108,2693,1,12,800
1109,2693,1,4,800
1110,2693,1,14,800
1111,2693,1,29,600
1112,2693,1,19,800
1113,2693,1,24,800
1114,2693,1,13,1000
1115,2693,1,6,1000
1116,2693,1,15,1000
1117,2693,1,30,1000
1118,2693,1,20,1000
1119,2693,1,25,1000
1120,2693,2,17,400
1121,2693,2,20,400
1122,2693,2,21,400
1123,2693,2,6,400
1124,2693,2,30,400
1125,2693,2,1,400
1126,2693,2,16,800
1127,2693,2,19,800
1128,2693,2,22,800
1129,2693,2,8,800
1130,2693,2,29,800
1131,2693,2,2,800
1132,2693,2,15,4000
1133,2693,2,18,1200
1134,2693,2,23,1200
1135,2693,2,9,1200
1136,2693,2,26,1200
1137,2693,2,3,1200
1138,2693,2,14,1600
1139,2693,2,13,1600
1140,2693,2,24,1600
1141,2693,2,10,1600
1142,2693,2,27,1600
1143,2693,2,4,1600
1144,2693,2,11,2000
1145,2693,2,12,2000
1146,2693,2,25,2000
1147,2693,2,7,2000
1148,2693,2,28,2000
1149,2693,2,5,4800
1150,2693,3,0,0
1151,2687,1,6,200
1152,2687,1,1,200
1153,2687,1,8,200
1154,2687,1,21,200
1155,2687,1,26,200
1156,2687,1,13,200
1157,2687,1,7,400
1158,2687,1,2,400
1159,2687,1,9,400
1160,2687,1,22,400
1161,2687,1,27,400
1162,2687,1,14,400
1163,2687,1,16,600
1164,2687,1,3,600
1165,2687,1,10,600
1166,2687,1,23,600
1167,2687,1,28,600
1168,2687,1,15,600
1169,2687,1,19,2000
1170,2687,1,4,800
1171,2687,1,11,800
1172,2687,1,24,800
1173,2687,1,29,800
1174,2687,1,17,800
1175,2687,1,20,1000
1176,2687,1,5,1000
1177,2687,1,12,1000
1178,2687,1,25,1000
1179,2687,1,30,1000
1180,2687,1,18,1000
1181,2687,2,26,400
1182,2687,2,16,400
1183,2687,2,11,400
1184,2687,2,21,400
1185,2687,2,2,400
1186,2687,2,1,400
1187,2687,2,27,800
1188,2687,2,17,800
1189,2687,2,12,800
1190,2687,2,22,800
1191,2687,2,7,800
1192,2687,2,3,800
1193,2687,2,28,1200
1194,2687,2,18,1200
1195,2687,2,13,1200
1196,2687,2,23,5000
1197,2687,2,8,1200
1198,2687,2,4,1200
1199,2687,2,29,1600
1200,2687,2,19,1600
1201,2687,2,14,1600
1202,2687,2,24,1600
1203,2687,2,9,1600
1204,2687,2,5,1600
1205,2687,2,30,3200
1206,2687,2,20,2000
1207,2687,2,15,2000
1208,2687,2,25,2000
1209,2687,2,10,2000
1210,2687,2,6,2000
1211,2687,3,0,0
1212,2684,1,21,200
1213,2684,1,1,200
1214,2684,1,22,200
1215,2684,1,11,200
1216,2684,1,12,200
1217,2684,1,6,200
1218,2684,1,27,400
1219,2684,1,2,400
1220,2684,1,23,400
1221,2684,1,13,400
1222,2684,1,16,400
1223,2684,1,7,400
1224,2684,1,28,600
1225,2684,1,3,600
1226,2684,1,24,600
1227,2684,1,14,600
1228,2684,1,18,1100
1229,2684,1,8,600
1230,2684,1,30,800
1231,2684,1,4,800
1232,2684,1,25,800
1233,2684,1,15,800
1234,2684,1,19,800
1235,2684,1,9,800
1236,2684,1,29,1000
1237,2684,1,5,1000
1238,2684,1,26,1000
1239,2684,1,17,1000
1240,2684,1,20,1000
1241,2684,1,10,1000
1242,2684,2,18,400
1243,2684,2,11,400
1244,2684,2,6,400
1245,2684,2,13,400
1246,2684,2,1,400
1247,2684,2,30,400
1248,2684,2,19,800
1249,2684,2,12,800
1250,2684,2,7,800
1251,2684,2,14,800
1252,2684,2,2,800
1253,2684,2,24,800
1254,2684,2,20,5100
1255,2684,2,22,1200
1256,2684,2,8,1200
1257,2684,2,15,1200
1258,2684,2,3,1200
1259,2684,2,25,11200
1260,2684,2,21,1600
1261,2684,2,23,1600
1262,2684,2,9,1600
1263,2684,2,16,1600
1264,2684,2,4,1600
1265,2684,2,27,1600
1266,2684,2,28,2000
1267,2684,2,29,2000
1268,2684,2,10,2000
1269,2684,2,17,2000
1270,2684,2,5,2000
1271,2684,2,26,2000
1272,2684,3,0,0
1273,2683,1,21,200
1274,2683,1,6,200
1275,2683,1,26,200
1276,2683,1,1,200
1277,2683,1,16,200
1278,2683,1,11,200
1279,2683,1,22,400
1280,2683,1,7,400
1281,2683,1,27,400
1282,2683,1,2,400
1283,2683,1,17,400
1284,2683,1,12,400
1285,2683,1,23,600
1286,2683,1,8,600
1287,2683,1,28,600
1288,2683,1,3,600
1289,2683,1,18,600
1290,2683,1,13,600
1291,2683,1,24,800
1292,2683,1,9,800
1293,2683,1,29,800
1294,2683,1,4,800
1295,2683,1,19,800
1296,2683,1,14,800
1297,2683,1,25,2200
1298,2683,1,10,1000
1299,2683,1,30,1000
1300,2683,1,5,1000
1301,2683,1,20,1000
1302,2683,1,15,1000
1303,2683,2,26,400
1304,2683,2,1,400
1305,2683,2,21,400
1306,2683,2,11,400
1307,2683,2,13,400
1308,2683,2,6,400
1309,2683,2,29,1801
1310,2683,2,2,800
1311,2683,2,22,800
1312,2683,2,12,800
1313,2683,2,17,800
1314,2683,2,7,800
1315,2683,2,27,1200
1316,2683,2,3,1200
1317,2683,2,23,2600
1318,2683,2,14,1200
1319,2683,2,18,1200
1320,2683,2,8,1200
1321,2683,2,28,1600
1322,2683,2,4,1600
1323,2683,2,24,1600
1324,2683,2,15,1600
1325,2683,2,19,1600
1326,2683,2,9,1600
1327,2683,2,30,2000
1328,2683,2,5,2000
1329,2683,2,25,2000
1330,2683,2,16,2000
1331,2683,2,20,2000
1332,2683,2,10,2000
1333,2683,3,0,0
1334,2682,1,11,200
1335,2682,1,26,200
1336,2682,1,21,200
1337,2682,1,6,200
1338,2682,1,16,200
1339,2682,1,1,200
1340,2682,1,12,400
1341,2682,1,27,400
1342,2682,1,22,400
1343,2682,1,7,3200
1344,2682,1,17,400
1345,2682,1,2,400
1346,2682,1,13,600
1347,2682,1,28,600
1348,2682,1,23,600
1349,2682,1,8,600
1350,2682,1,18,600
1351,2682,1,3,600
1352,2682,1,14,800
1353,2682,1,29,800
1354,2682,1,24,800
1355,2682,1,9,800
1356,2682,1,19,800
1357,2682,1,4,800
1358,2682,1,15,1000
1359,2682,1,30,1000
1360,2682,1,25,1000
1361,2682,1,10,1000
1362,2682,1,20,1000
1363,2682,1,5,1000
1364,2682,2,16,400
1365,2682,2,1,400
1366,2682,2,22,400
1367,2682,2,6,400
1368,2682,2,21,400
1369,2682,2,11,400
1370,2682,2,17,800
1371,2682,2,2,800
1372,2682,2,27,800
1373,2682,2,7,800
1374,2682,2,23,800
1375,2682,2,12,800
1376,2682,2,18,1200
1377,2682,2,3,1200
1378,2682,2,28,1200
1379,2682,2,8,3600
1380,2682,2,24,1200
1381,2682,2,13,1200
1382,2682,2,19,1600
1383,2682,2,4,1600
1384,2682,2,29,2500
1385,2682,2,9,1600
1386,2682,2,25,1600
1387,2682,2,14,1600
1388,2682,2,20,2000
1389,2682,2,5,2000
1390,2682,2,30,2000
1391,2682,2,10,2000
1392,2682,2,26,2000
1393,2682,2,15,2000
1394,2682,3,0,0
1395,2678,1,4,200
1396,2678,1,14,200
1397,2678,1,26,200
1398,2678,1,9,200
1399,2678,1,21,200
1400,2678,1,1,200
1401,2678,1,10,400
1402,2678,1,15,400
1403,2678,1,27,400
1404,2678,1,18,400
1405,2678,1,22,400
1406,2678,1,2,400
1407,2678,1,11,600
1408,2678,1,16,600
1409,2678,1,28,600
1410,2678,1,5,600
1411,2678,1,23,600
1412,2678,1,6,600
1413,2678,1,12,800
1414,2678,1,3,800
1415,2678,1,29,800
1416,2678,1,19,800
1417,2678,1,24,800
1418,2678,1,7,800
1419,2678,1,13,1000
1420,2678,1,17,1000
1421,2678,1,30,1000
1422,2678,1,20,1000
1423,2678,1,25,1000
1424,2678,1,8,2200
1425,2678,2,1,400
1426,2678,2,26,400
1427,2678,2,21,400
1428,2678,2,6,400
1429,2678,2,11,400
1430,2678,2,16,400
1431,2678,2,2,800
1432,2678,2,27,800
1433,2678,2,22,800
1434,2678,2,7,800
1435,2678,2,12,800
1436,2678,2,17,800
1437,2678,2,3,1200
1438,2678,2,28,1200
1439,2678,2,23,1200
1440,2678,2,8,1200
1441,2678,2,13,1200
1442,2678,2,18,1200
1443,2678,2,4,4200
1444,2678,2,29,1600
1445,2678,2,24,1600
1446,2678,2,9,5600
1447,2678,2,14,1600
1448,2678,2,19,1600
1449,2678,2,5,2000
1450,2678,2,30,2000
1451,2678,2,25,2000
1452,2678,2,10,2000
1453,2678,2,15,2000
1454,2678,2,20,2000
1455,2678,3,0,0
1456,2675,1,6,200
1457,2675,1,11,200
1458,2675,1,21,200
1459,2675,1,1,200
1460,2675,1,26,200
1461,2675,1,16,200
1462,2675,1,7,400
1463,2675,1,12,400
1464,2675,1,22,400
1465,2675,1,2,400
1466,2675,1,27,400
1467,2675,1,17,400
1468,2675,1,8,600
1469,2675,1,13,600
1470,2675,1,23,600
1471,2675,1,3,600
1472,2675,1,28,600
1473,2675,1,18,600
1474,2675,1,9,800
1475,2675,1,14,4600
1476,2675,1,24,800
1477,2675,1,4,800
1478,2675,1,29,800
1479,2675,1,19,800
1480,2675,1,10,1000
1481,2675,1,15,1000
1482,2675,1,25,1000
1483,2675,1,5,1000
1484,2675,1,30,1000
1485,2675,1,20,1000
1486,2675,2,6,400
1487,2675,2,1,400
1488,2675,2,26,400
1489,2675,2,21,400
1490,2675,2,11,400
1491,2675,2,16,400
1492,2675,2,7,800
1493,2675,2,2,800
1494,2675,2,22,800
1495,2675,2,12,800
1496,2675,2,17,800
1497,2675,2,8,1200
1498,2675,2,3,1200
1499,2675,2,27,1200
1500,2675,2,23,1200
1501,2675,2,13,1200
1502,2675,2,18,1200
1503,2675,2,9,1600
1504,2675,2,4,1600
1505,2675,2,28,6000
1506,2675,2,24,2200
1507,2675,2,14,1600
1508,2675,2,19,1600
1509,2675,2,10,2000
1510,2675,2,5,2000
1511,2675,2,29,2000
1512,2675,2,25,2000
1513,2675,2,15,2000
1514,2675,2,20,2000
1515,2675,3,0,0
1516,1619,1,1,200
1517,1619,1,6,200
1518,1619,1,26,200
1519,1619,1,21,200
1520,1619,1,11,200
1521,1619,1,16,200
1522,1619,1,2,400
1523,1619,1,7,400
1524,1619,1,27,400
1525,1619,1,22,400
1526,1619,1,12,400
1527,1619,1,17,400
1528,1619,1,3,600
1529,1619,1,8,600
1530,1619,1,28,600
1531,1619,1,23,600
1532,1619,1,13,600
1533,1619,1,18,600
1534,1619,1,4,800
1535,1619,1,9,800
1536,1619,1,29,800
1537,1619,1,24,800
1538,1619,1,14,800
1539,1619,1,19,800
1540,1619,1,5,1000
1541,1619,1,10,1000
1542,1619,1,30,800
1543,1619,1,25,1000
1544,1619,1,15,1000
1545,1619,1,20,1000
1546,1619,2,11,400
1547,1619,2,1,400
1548,1619,2,21,400
1549,1619,2,23,400
1550,1619,2,16,400
1551,1619,2,6,400
1552,1619,2,12,800
1553,1619,2,2,800
1554,1619,2,22,800
1555,1619,2,24,800
1556,1619,2,17,800
1557,1619,2,7,800
1558,1619,2,13,1200
1559,1619,2,3,1200
1560,1619,2,28,1200
1561,1619,2,25,2200
1562,1619,2,18,1200
1563,1619,2,8,1200
1564,1619,2,14,1600
1565,1619,2,4,1600
1566,1619,2,29,1600
1567,1619,2,26,1600
1568,1619,2,19,1600
1569,1619,2,9,1600
1570,1619,2,15,2600
1571,1619,2,5,2000
1572,1619,2,30,2000
1573,1619,2,27,2000
1574,1619,2,20,2000
1575,1619,2,10,2000
1576,1619,3,0,0
1577,1613,1,23,200
1578,1613,1,6,200
1579,1613,1,1,200
1580,1613,1,16,200
1581,1613,1,11,200
1582,1613,1,21,200
1583,1613,1,24,400
1584,1613,1,7,400
1585,1613,1,2,400
1586,1613,1,17,400
1587,1613,1,12,400
1588,1613,1,22,400
1589,1613,1,25,600
1590,1613,1,8,600
1591,1613,1,3,600
1592,1613,1,18,600
1593,1613,1,13,600
1594,1613,1,26,600
1595,1613,1,29,800
1596,1613,1,9,800
1597,1613,1,4,1200
1598,1613,1,19,800
1599,1613,1,14,800
1600,1613,1,27,800
1601,1613,1,30,1000
1602,1613,1,10,1000
1603,1613,1,5,1000
1604,1613,1,20,1000
1605,1613,1,15,1000
1606,1613,1,28,1000
1607,1613,2,21,400
1608,1613,2,1,400
1609,1613,2,26,400
1610,1613,2,2,400
1611,1613,2,11,400
1612,1613,2,16,400
1613,1613,2,22,800
1614,1613,2,5,800
1615,1613,2,27,800
1616,1613,2,3,800
1617,1613,2,12,800
1618,1613,2,17,800
1619,1613,2,23,1200
1620,1613,2,8,1200
1621,1613,2,28,1200
1622,1613,2,4,1200
1623,1613,2,13,1200
1624,1613,2,18,1200
1625,1613,2,24,1600
1626,1613,2,9,1600
1627,1613,2,29,1600
1628,1613,2,6,5000
1629,1613,2,14,1600
1630,1613,2,19,3000
1631,1613,2,25,2000
1632,1613,2,10,2000
1633,1613,2,30,2000
1634,1613,2,7,2000
1635,1613,2,15,2000
1636,1613,2,20,2000
1637,1613,3,0,0
1638,1612,1,6,200
1639,1612,1,1,200
1640,1612,1,26,200
1641,1612,1,21,200
1642,1612,1,16,200
1643,1612,1,8,200
1644,1612,1,7,400
1645,1612,1,2,400
1646,1612,1,27,400
1647,1612,1,22,400
1648,1612,1,17,400
1649,1612,1,12,400
1650,1612,1,9,600
1651,1612,1,3,600
1652,1612,1,28,600
1653,1612,1,23,1400
1654,1612,1,18,600
1655,1612,1,13,600
1656,1612,1,10,800
1657,1612,1,4,800
1658,1612,1,29,800
1659,1612,1,24,800
1660,1612,1,19,800
1661,1612,1,14,800
1662,1612,1,11,1000
1663,1612,1,5,1000
1664,1612,1,30,1000
1665,1612,1,25,1000
1666,1612,1,20,1000
1667,1612,1,15,1000
1668,1612,2,6,400
1669,1612,2,11,400
1670,1612,2,26,400
1671,1612,2,1,400
1672,1612,2,16,400
1673,1612,2,21,400
1674,1612,2,7,800
1675,1612,2,12,800
1676,1612,2,27,800
1677,1612,2,2,800
1678,1612,2,17,800
1679,1612,2,22,3800
1680,1612,2,8,1200
1681,1612,2,13,1200
1682,1612,2,28,1200
1683,1612,2,3,1200
1684,1612,2,18,1200
1685,1612,2,23,1200
1686,1612,2,9,1600
1687,1612,2,14,1600
1688,1612,2,29,1600
1689,1612,2,4,1600
1690,1612,2,19,1600
1691,1612,2,24,1600
1692,1612,2,10,2000
1693,1612,2,15,2000
1694,1612,2,30,2000
1695,1612,2,5,2000
1696,1612,2,20,2000
1697,1612,2,25,2000
1698,1612,3,0,0
1699,1611,1,1,200
1700,1611,1,6,200
1701,1611,1,26,200
1702,1611,1,14,200
1703,1611,1,11,200
1704,1611,1,17,200
1705,1611,1,2,400
1706,1611,1,7,400
1707,1611,1,27,400
1708,1611,1,22,400
1709,1611,1,12,400
1710,1611,1,18,400
1711,1611,1,3,600
1712,1611,1,8,600
1713,1611,1,28,1800
1714,1611,1,23,600
1715,1611,1,13,600
1716,1611,1,19,600
1717,1611,1,4,800
1718,1611,1,9,800
1719,1611,1,29,800
1720,1611,1,24,800
1721,1611,1,15,800
1722,1611,1,20,800
1723,1611,1,5,1000
1724,1611,1,10,1000
1725,1611,1,30,1000
1726,1611,1,25,1000
1727,1611,1,16,1000
1728,1611,1,21,1000
1729,1611,2,17,400
1730,1611,2,1,400
1731,1611,2,7,400
1732,1611,2,16,400
1733,1611,2,28,400
1734,1611,2,3,400
1735,1611,2,19,800
1736,1611,2,2,800
1737,1611,2,12,800
1738,1611,2,18,800
1739,1611,2,29,800
1740,1611,2,8,800
1741,1611,2,20,1200
1742,1611,2,4,1200
1743,1611,2,13,1200
1744,1611,2,23,1200
1745,1611,2,30,5400
1746,1611,2,9,1200
1747,1611,2,21,1600
1748,1611,2,5,1600
1749,1611,2,14,1600
1750,1611,2,24,1600
1751,1611,2,27,1600
1752,1611,2,10,1600
1753,1611,2,22,2000
1754,1611,2,6,2000
1755,1611,2,15,2000
1756,1611,2,25,2000
1757,1611,2,26,2000
1758,1611,2,11,2000
1759,1611,3,0,0
1760,1610,1,22,200
1761,1610,1,6,200
1762,1610,1,1,200
1763,1610,1,21,200
1764,1610,1,16,200
1765,1610,1,11,200
1766,1610,1,23,400
1767,1610,1,7,400
1768,1610,1,2,400
1769,1610,1,27,400
1770,1610,1,17,400
1771,1610,1,12,400
1772,1610,1,24,600
1773,1610,1,8,600
1774,1610,1,3,600
1775,1610,1,28,600
1776,1610,1,18,600
1777,1610,1,13,600
1778,1610,1,25,800
1779,1610,1,9,800
1780,1610,1,4,800
1781,1610,1,29,800
1782,1610,1,19,800
1783,1610,1,14,800
1784,1610,1,26,1000
1785,1610,1,10,1000
1786,1610,1,5,1000
1787,1610,1,30,1000
1788,1610,1,20,1000
1789,1610,1,15,1000
1790,1610,2,11,400
1791,1610,2,1,400
1792,1610,2,6,400
1793,1610,2,16,400
1794,1610,2,26,400
1795,1610,2,18,400
1796,1610,2,12,800
1797,1610,2,2,800
1798,1610,2,7,800
1799,1610,2,17,800
1800,1610,2,27,800
1801,1610,2,22,800
1802,1610,2,13,1200
1803,1610,2,3,1200
1804,1610,2,8,1200
1805,1610,2,19,2600
1806,1610,2,28,1800
1807,1610,2,23,1200
1808,1610,2,14,1600
1809,1610,2,4,1600
1810,1610,2,9,1600
1811,1610,2,20,1600
1812,1610,2,29,1600
1813,1610,2,24,1600
1814,1610,2,15,2000
1815,1610,2,5,2000
1816,1610,2,10,2000
1817,1610,2,21,2000
1818,1610,2,30,2000
1819,1610,2,25,2000
1820,1610,3,0,0
1821,1594,1,1,200
1822,1594,1,5,200
1823,1594,1,8,200
1824,1594,1,26,200
1825,1594,1,21,200
1826,1594,1,16,200
1827,1594,1,2,400
1828,1594,1,6,400
1829,1594,1,9,400
1830,1594,1,27,400
1831,1594,1,22,400
1832,1594,1,17,400
1833,1594,1,3,600
1834,1594,1,12,600
1835,1594,1,10,600
1836,1594,1,28,600
1837,1594,1,23,600
1838,1594,1,18,600
1839,1594,1,4,800
1840,1594,1,13,800
1841,1594,1,11,800
1842,1594,1,29,800
1843,1594,1,24,800
1844,1594,1,19,800
1845,1594,1,7,1000
1846,1594,1,14,1000
1847,1594,1,15,1000
1848,1594,1,30,1000
1849,1594,1,25,1200
1850,1594,1,20,1000
1851,1594,2,2,400
1852,1594,2,1,400
1853,1594,2,11,400
1854,1594,2,26,400
1855,1594,2,21,400
1856,1594,2,15,400
1857,1594,2,3,800
1858,1594,2,7,800
1859,1594,2,12,800
1860,1594,2,27,800
1861,1594,2,22,800
1862,1594,2,17,800
1863,1594,2,4,1200
1864,1594,2,8,1200
1865,1594,2,13,1200
1866,1594,2,28,1200
1867,1594,2,23,1200
1868,1594,2,18,1200
1869,1594,2,5,1600
1870,1594,2,9,1600
1871,1594,2,14,1600
1872,1594,2,29,1600
1873,1594,2,24,3600
1874,1594,2,19,1600
1875,1594,2,6,2000
1876,1594,2,10,3000
1877,1594,2,16,2000
1878,1594,2,30,2000
1879,1594,2,25,2000
1880,1594,2,20,2000
1881,1594,3,0,0
1882,1587,1,26,200
1883,1587,1,1,200
1884,1587,1,12,200
1885,1587,1,6,200
1886,1587,1,21,200
1887,1587,1,11,200
1888,1587,1,27,400
1889,1587,1,2,400
1890,1587,1,13,400
1891,1587,1,7,400
1892,1587,1,22,400
1893,1587,1,17,400
1894,1587,1,28,600
1895,1587,1,3,600
1896,1587,1,14,600
1897,1587,1,8,600
1898,1587,1,23,600
1899,1587,1,18,600
1900,1587,1,29,800
1901,1587,1,4,800
1902,1587,1,15,800
1903,1587,1,9,2000
1904,1587,1,24,800
1905,1587,1,19,800
1906,1587,1,30,1000
1907,1587,1,5,1000
1908,1587,1,16,1000
1909,1587,1,10,1000
1910,1587,1,25,1000
1911,1587,1,20,1000
1912,1587,2,1,400
1913,1587,2,6,400
1914,1587,2,11,400
1915,1587,2,12,400
1916,1587,2,21,400
1917,1587,2,26,400
1918,1587,2,2,800
1919,1587,2,7,800
1920,1587,2,13,800
1921,1587,2,17,800
1922,1587,2,22,800
1923,1587,2,27,800
1924,1587,2,3,1200
1925,1587,2,8,1200
1926,1587,2,14,1200
1927,1587,2,18,1200
1928,1587,2,23,1200
1929,1587,2,28,1200
1930,1587,2,4,1600
1931,1587,2,9,1600
1932,1587,2,15,1600
1933,1587,2,19,1600
1934,1587,2,24,1600
1935,1587,2,29,1600
1936,1587,2,5,1400
1937,1587,2,10,2000
1938,1587,2,16,4000
1939,1587,2,20,2000
1940,1587,2,25,2000
1941,1587,2,30,2000
1942,1587,3,0,0
1943,1576,1,12,200
1944,1576,1,1,200
1945,1576,1,23,200
1946,1576,1,21,200
1947,1576,1,4,200
1948,1576,1,11,200
1949,1576,1,13,400
1950,1576,1,2,400
1951,1576,1,27,400
1952,1576,1,22,400
1953,1576,1,7,400
1954,1576,1,17,400
1955,1576,1,14,600
1956,1576,1,3,600
1957,1576,1,28,600
1958,1576,1,24,600
1959,1576,1,8,600
1960,1576,1,18,600
1961,1576,1,15,800
1962,1576,1,5,800
1963,1576,1,29,800
1964,1576,1,25,800
1965,1576,1,9,800
1966,1576,1,19,800
1967,1576,1,16,1400
1968,1576,1,6,1000
1969,1576,1,30,1000
1970,1576,1,26,1000
1971,1576,1,10,1000
1972,1576,1,20,1000
1973,1576,2,6,400
1974,1576,2,22,400
1975,1576,2,10,400
1976,1576,2,1,400
1977,1576,2,21,400
1978,1576,2,11,400
1979,1576,2,7,4600
1980,1576,2,27,800
1981,1576,2,17,800
1982,1576,2,2,800
1983,1576,2,23,800
1984,1576,2,12,800
1985,1576,2,8,1200
1986,1576,2,28,1200
1987,1576,2,18,2800
1988,1576,2,3,1200
1989,1576,2,24,1200
1990,1576,2,13,1200
1991,1576,2,9,1600
1992,1576,2,29,1600
1993,1576,2,19,1600
1994,1576,2,4,1600
1995,1576,2,25,1600
1996,1576,2,14,1600
1997,1576,2,16,2000
1998,1576,2,30,2000
1999,1576,2,20,2000
2000,1576,2,5,2000
2001,1576,2,26,2000
2002,1576,2,15,2000
2003,1576,3,0,0
2004,1552,1,6,200
2005,1552,1,1,200
2006,1552,1,16,200
2007,1552,1,21,200
2008,1552,1,11,200
2009,1552,1,26,200
2010,1552,1,7,400
2011,1552,1,2,400
2012,1552,1,17,400
2013,1552,1,22,400
2014,1552,1,12,400
2015,1552,1,27,400
2016,1552,1,8,600
2017,1552,1,3,600
2018,1552,1,18,600
2019,1552,1,23,600
2020,1552,1,13,600
2021,1552,1,28,600
2022,1552,1,9,1800
2023,1552,1,4,800
2024,1552,1,19,800
2025,1552,1,24,800
2026,1552,1,14,800
2027,1552,1,29,800
2028,1552,1,10,1000
2029,1552,1,5,1000
2030,1552,1,20,1000
2031,1552,1,25,1000
2032,1552,1,15,1000
2033,1552,1,30,1000
2034,1552,2,17,400
2035,1552,2,6,400
2036,1552,2,16,400
2037,1552,2,1,400
2038,1552,2,8,400
2039,1552,2,26,400
2040,1552,2,18,1800
2041,1552,2,7,800
2042,1552,2,21,800
2043,1552,2,2,800
2044,1552,2,9,800
2045,1552,2,27,800
2046,1552,2,19,1200
2047,1552,2,10,1200
2048,1552,2,23,1200
2049,1552,2,3,1200
2050,1552,2,13,1200
2051,1552,2,28,8500
2052,1552,2,20,1600
2053,1552,2,11,1600
2054,1552,2,24,1600
2055,1552,2,4,1600
2056,1552,2,14,1600
2057,1552,2,29,1600
2058,1552,2,22,2000
2059,1552,2,12,2000
2060,1552,2,25,2000
2061,1552,2,5,2000
2062,1552,2,15,2000
2063,1552,2,30,2000
2064,1552,3,0,0
2065,1551,1,16,200
2066,1551,1,2,200
2067,1551,1,11,200
2068,1551,1,26,200
2069,1551,1,19,200
2070,1551,1,1,200
2071,1551,1,17,400
2072,1551,1,3,400
2073,1551,1,12,400
2074,1551,1,27,400
2075,1551,1,20,400
2076,1551,1,7,400
2077,1551,1,18,600
2078,1551,1,4,600
2079,1551,1,13,600
2080,1551,1,28,600
2081,1551,1,21,600
2082,1551,1,8,600
2083,1551,1,24,800
2084,1551,1,5,800
2085,1551,1,14,800
2086,1551,1,29,800
2087,1551,1,22,800
2088,1551,1,9,1000
2089,1551,1,25,1000
2090,1551,1,6,1000
2091,1551,1,15,1000
2092,1551,1,30,1000
2093,1551,1,23,1000
2094,1551,1,10,1000
2095,1551,2,5,400
2096,1551,2,1,400
2097,1551,2,10,400
2098,1551,2,26,400
2099,1551,2,14,400
2100,1551,2,15,400
2101,1551,2,6,800
2102,1551,2,2,800
2103,1551,2,11,800
2104,1551,2,27,800
2105,1551,2,20,800
2106,1551,2,16,800
2107,1551,2,7,1200
2108,1551,2,3,1200
2109,1551,2,12,1200
2110,1551,2,30,1200
2111,1551,2,21,1800
2112,1551,2,17,1200
2113,1551,2,8,1600
2114,1551,2,4,1600
2115,1551,2,24,2000
2116,1551,2,29,1600
2117,1551,2,22,1600
2118,1551,2,18,1600
2119,1551,2,9,2000
2120,1551,2,13,2000
2121,1551,2,25,2000
2122,1551,2,28,2000
2123,1551,2,23,2000
2124,1551,2,19,2000
2125,1551,3,0,0
2126,1539,1,8,200
2127,1539,1,2,200
2128,1539,1,1,200
2129,1539,1,18,200
2130,1539,1,23,200
2131,1539,1,13,200
2132,1539,1,9,400
2133,1539,1,4,400
2134,1539,1,3,400
2135,1539,1,19,400
2136,1539,1,24,400
2137,1539,1,14,400
2138,1539,1,10,600
2139,1539,1,28,600
2140,1539,1,5,600
2141,1539,1,20,600
2142,1539,1,25,600
2143,1539,1,15,600
2144,1539,1,11,800
2145,1539,1,29,800
2146,1539,1,6,800
2147,1539,1,21,800
2148,1539,1,26,800
2149,1539,1,16,800
2150,1539,1,12,1000
2151,1539,1,30,1000
2152,1539,1,7,1000
2153,1539,1,22,1000
2154,1539,1,27,1000
2155,1539,1,17,1000
2156,1539,2,4,400
2157,1539,2,18,400
2158,1539,2,23,400
2159,1539,2,12,400
2160,1539,2,1,400
2161,1539,2,11,400
2162,1539,2,7,800
2163,1539,2,19,800
2164,1539,2,24,800
2165,1539,2,13,800
2166,1539,2,2,800
2167,1539,2,14,800
2168,1539,2,8,1200
2169,1539,2,20,3000
2170,1539,2,25,1200
2171,1539,2,15,1200
2172,1539,2,3,1200
2173,1539,2,28,1200
2174,1539,2,9,1600
2175,1539,2,21,1600
2176,1539,2,26,2800
2177,1539,2,16,1600
2178,1539,2,5,1600
2179,1539,2,29,1600
2180,1539,2,10,2000
2181,1539,2,22,2000
2182,1539,2,27,2000
2183,1539,2,17,2000
2184,1539,2,6,2000
2185,1539,2,30,2000
2186,1539,3,0,0
2187,1517,1,8,200
2188,1517,1,6,200
2189,1517,1,9,200
2190,1517,1,21,200
2191,1517,1,26,200
2192,1517,1,1,200
2193,1517,1,17,400
2194,1517,1,7,400
2195,1517,1,10,400
2196,1517,1,22,400
2197,1517,1,27,400
2198,1517,1,2,400
2199,1517,1,18,600
2200,1517,1,14,600
2201,1517,1,11,600
2202,1517,1,23,600
2203,1517,1,28,600
2204,1517,1,3,600
2205,1517,1,19,800
2206,1517,1,15,800
2207,1517,1,12,800
2208,1517,1,24,2000
2209,1517,1,29,800
2210,1517,1,4,800
2211,1517,1,20,1000
2212,1517,1,16,1000
2213,1517,1,13,1000
2214,1517,1,25,1000
2215,1517,1,30,1000
2216,1517,1,5,1000
2217,1517,2,2,400
2218,1517,2,7,400
2219,1517,2,12,400
2220,1517,2,22,400
2221,1517,2,28,400
2222,1517,2,1,400
2223,1517,2,3,800
2224,1517,2,8,800
2225,1517,2,16,800
2226,1517,2,24,800
2227,1517,2,30,800
2228,1517,2,18,800
2229,1517,2,4,1200
2230,1517,2,9,1200
2231,1517,2,17,1200
2232,1517,2,25,1200
2233,1517,2,29,1200
2234,1517,2,20,1200
2235,1517,2,5,2600
2236,1517,2,10,1600
2237,1517,2,14,4600
2238,1517,2,23,1600
2239,1517,2,27,1600
2240,1517,2,21,1600
2241,1517,2,6,2000
2242,1517,2,11,2000
2243,1517,2,13,2000
2244,1517,2,15,2000
2245,1517,2,26,2000
2246,1517,2,19,2000
2247,1517,3,0,0
2248,224,1,7,200
2249,224,1,26,200
2250,224,1,21,200
2251,224,1,12,200
2252,224,1,6,200
2253,224,1,1,200
2254,224,1,8,400
2255,224,1,27,400
2256,224,1,22,400
2257,224,1,13,400
2258,224,1,17,400
2259,224,1,2,400
2260,224,1,9,600
2261,224,1,28,600
2262,224,1,23,600
2263,224,1,14,600
2264,224,1,18,600
2265,224,1,3,600
2266,224,1,10,1800
2267,224,1,29,800
2268,224,1,24,800
2269,224,1,15,800
2270,224,1,19,800
2271,224,1,4,800
2272,224,1,11,1000
2273,224,1,30,1000
2274,224,1,25,1000
2275,224,1,16,1000
2276,224,1,20,1000
2277,224,1,5,1000
2278,224,2,11,400
2279,224,2,6,400
2280,224,2,1,400
2281,224,2,16,400
2282,224,2,25,400
2283,224,2,21,400
2284,224,2,12,800
2285,224,2,7,800
2286,224,2,2,800
2287,224,2,17,800
2288,224,2,30,800
2289,224,2,22,800
2290,224,2,13,1200
2291,224,2,8,5000
2292,224,2,3,1200
2293,224,2,18,1200
2294,224,2,28,1200
2295,224,2,23,1200
2296,224,2,14,1600
2297,224,2,9,1600
2298,224,2,4,2000
2299,224,2,19,1600
2300,224,2,27,1600
2301,224,2,24,1600
2302,224,2,15,2000
2303,224,2,10,2000
2304,224,2,5,2000
2305,224,2,20,2000
2306,224,2,26,2000
2307,224,2,29,2000
2308,224,3,0,0
2908,62,1,7,200
2909,62,1,12,200
2910,62,1,1,200
2911,62,1,21,200
2912,62,1,2,200
2913,62,1,8,400
2914,62,1,13,400
2915,62,1,17,400
2916,62,1,29,400
2917,62,1,22,400
2918,62,1,3,400
2919,62,1,9,600
2920,62,1,14,600
2921,62,1,18,600
2922,62,1,28,600
2923,62,1,23,600
2924,62,1,4,600
2925,62,1,10,800
2926,62,1,15,800
2927,62,1,19,3000
2928,62,1,27,800
2929,62,1,24,800
2930,62,1,5,800
2931,62,1,11,1000
2932,62,1,16,1000
2933,62,1,20,1000
2934,62,1,26,1000
2935,62,1,25,1000
2936,62,1,6,1000
2937,62,2,9,400
2938,62,2,19,400
2939,62,2,10,400
2940,62,2,6,400
2941,62,2,1,400
2942,62,2,11,800
2943,62,2,20,800
2944,62,2,13,800
2945,62,2,7,800
2946,62,2,2,800
2947,62,2,12,1200
2948,62,2,28,1200
2949,62,2,21,1200
2950,62,2,14,1200
2951,62,2,8,1200
2952,62,2,3,1200
2953,62,2,17,1600
2954,62,2,27,1600
2955,62,2,22,4800
2956,62,2,15,5400
2957,62,2,24,1600
2958,62,2,4,1600
2959,62,2,18,2000
2960,62,2,26,2000
2961,62,2,23,2000
2962,62,2,16,2000
2963,62,2,25,2000
2964,62,2,5,2000
2965,62,3,0,0
2966,61,1,7,200
2967,61,1,13,200
2968,61,1,1,200
2969,61,1,26,200
2970,61,1,21,200
2971,61,1,6,200
2972,61,1,8,400
2973,61,1,14,400
2974,61,1,2,400
2975,61,1,27,400
2976,61,1,22,400
2977,61,1,12,400
2978,61,1,9,600
2979,61,1,15,600
2980,61,1,3,600
2981,61,1,28,600
2982,61,1,23,600
2983,61,1,16,600
2984,61,1,10,800
2985,61,1,18,800
2986,61,1,4,800
2987,61,1,24,800
2988,61,1,17,800
2989,61,1,11,1600
2990,61,1,19,1000
2991,61,1,5,1000
2992,61,1,25,1000
2993,61,1,20,1000
2994,61,2,1,400
2995,61,2,19,400
2996,61,2,8,400
2997,61,2,3,400
2998,61,2,13,400
2999,61,2,22,400
3000,61,2,2,800
3001,61,2,30,800
3002,61,2,9,800
3003,61,2,4,800
3004,61,2,14,800
3005,61,2,23,2400
3006,61,2,10,1200
3007,61,2,29,1200
3008,61,2,16,1200
3009,61,2,5,1200
3010,61,2,15,1200
3011,61,2,24,1200
3012,61,2,11,1600
3013,61,2,28,1600
3014,61,2,20,7800
3015,61,2,6,1600
3016,61,2,17,1600
3017,61,2,25,1600
3018,61,2,12,2000
3019,61,2,27,2000
3020,61,2,21,2000
3021,61,2,7,2000
3022,61,2,18,2000
3023,61,2,26,2000
3024,61,3,0,0
3025,60,1,2,200
3026,60,1,1,200
3027,60,1,21,200
3028,60,1,22,200
3029,60,1,7,200
3030,60,1,16,200
3031,60,1,12,400
3032,60,1,3,400
3033,60,1,23,400
3034,60,1,27,400
3035,60,1,8,400
3036,60,1,17,400
3037,60,1,13,600
3038,60,1,4,600
3039,60,1,24,600
3040,60,1,28,600
3041,60,1,9,600
3042,60,1,18,600
3043,60,1,14,800
3044,60,1,5,800
3045,60,1,25,800
3046,60,1,29,800
3047,60,1,10,800
3048,60,1,19,800
3049,60,1,15,1000
3050,60,1,6,1000
3051,60,1,26,1000
3052,60,1,30,1000
3053,60,1,11,2000
3054,60,1,20,1000
3055,60,2,8,400
3056,60,2,26,400
3057,60,2,2,400
3058,60,2,13,400
3059,60,2,18,400
3060,60,2,1,400
3061,60,2,9,800
3062,60,2,27,800
3063,60,2,4,800
3064,60,2,14,800
3065,60,2,19,800
3066,60,2,3,2000
3067,60,2,10,1200
3068,60,2,28,1200
3069,60,2,5,1200
3070,60,2,15,1200
3071,60,2,20,1200
3072,60,2,23,1200
3073,60,2,11,9800
3074,60,2,29,1600
3075,60,2,6,1600
3076,60,2,16,1600
3077,60,2,21,1600
3078,60,2,24,1600
3079,60,2,12,2000
3080,60,2,30,2000
3081,60,2,7,2000
3082,60,2,17,2000
3083,60,2,22,2000
3084,60,2,25,2000
3085,60,3,0,0
3086,59,1,26,200
3087,59,1,1,200
3088,59,1,6,200
3089,59,1,11,200
3090,59,1,21,200
3091,59,1,16,200
3092,59,1,27,400
3093,59,1,2,400
3094,59,1,7,400
3095,59,1,12,400
3096,59,1,22,400
3097,59,1,17,400
3098,59,1,28,600
3099,59,1,3,600
3100,59,1,8,2200
3101,59,1,13,600
3102,59,1,23,600
3103,59,1,18,600
3104,59,1,29,800
3105,59,1,4,800
3106,59,1,9,800
3107,59,1,14,800
3108,59,1,24,800
3109,59,1,19,800
3110,59,1,30,1000
3111,59,1,5,1000
3112,59,1,10,1000
3113,59,1,15,1000
3114,59,1,25,1000
3115,59,1,20,1000
3116,59,2,6,400
3117,59,2,1,400
3118,59,2,11,400
3119,59,2,18,400
3120,59,2,21,400
3121,59,2,26,400
3122,59,2,7,800
3123,59,2,2,800
3124,59,2,12,800
3125,59,2,19,800
3126,59,2,22,800
3127,59,2,27,800
3128,59,2,8,6200
3129,59,2,3,1200
3130,59,2,16,8600
3131,59,2,20,1200
3132,59,2,23,1200
3133,59,2,28,1200
3134,59,2,9,1600
3135,59,2,4,1600
3136,59,2,17,1600
3137,59,2,15,1600
3138,59,2,24,1600
3139,59,2,29,1600
3140,59,2,10,2000
3141,59,2,5,2000
3142,59,2,13,2000
3143,59,2,14,2000
3144,59,2,25,2000
3145,59,2,30,2000
3146,59,3,0,0
3147,58,1,26,200
3148,58,1,16,200
3149,58,1,6,200
3150,58,1,1,200
3151,58,1,21,200
3152,58,1,11,200
3153,58,1,27,400
3154,58,1,17,400
3155,58,1,7,400
3156,58,1,2,400
3157,58,1,22,400
3158,58,1,12,400
3159,58,1,28,600
3160,58,1,18,600
3161,58,1,8,600
3162,58,1,3,600
3163,58,1,23,600
3164,58,1,13,600
3165,58,1,29,4000
3166,58,1,19,800
3167,58,1,9,800
3168,58,1,4,800
3169,58,1,24,800
3170,58,1,14,800
3171,58,1,30,1000
3172,58,1,20,1000
3173,58,1,10,1000
3174,58,1,5,1000
3175,58,1,25,1000
3176,58,1,15,1000
3177,58,2,1,400
3178,58,2,6,400
3179,58,2,11,400
3180,58,2,16,400
3181,58,2,21,400
3182,58,2,30,400
3183,58,2,2,800
3184,58,2,7,800
3185,58,2,12,800
3186,58,2,17,800
3187,58,2,22,800
3188,58,2,29,800
3189,58,2,3,1200
3190,58,2,8,1200
3191,58,2,13,1200
3192,58,2,18,1200
3193,58,2,23,1200
3194,58,2,26,13200
3195,58,2,4,1600
3196,58,2,9,1600
3197,58,2,14,1600
3198,58,2,19,1600
3199,58,2,24,6600
3200,58,2,27,1600
3201,58,2,5,2000
3202,58,2,10,2000
3203,58,2,15,2000
3204,58,2,20,2000
3205,58,2,25,2000
3206,58,2,28,2000
3207,58,3,0,0
3811,47,1,6,200
3812,47,1,1,200
3813,47,1,22,200
3814,47,1,16,200
3815,47,1,30,200
3816,47,1,11,200
3817,47,1,7,400
3818,47,1,2,400
3819,47,1,29,400
3820,47,1,17,400
3821,47,1,28,400
3822,47,1,12,400
3823,47,1,8,600
3824,47,1,3,600
3825,47,1,21,600
3826,47,1,18,600
3827,47,1,27,600
3828,47,1,13,600
3829,47,1,9,800
3830,47,1,4,800
3831,47,1,23,800
3832,47,1,19,800
3833,47,1,25,3000
3834,47,1,14,800
3835,47,1,10,1000
3836,47,1,5,1000
3837,47,1,24,1000
3838,47,1,20,1000
3839,47,1,26,1000
3840,47,1,15,1000
3841,47,2,1,400
3842,47,2,16,400
3843,47,2,26,400
3844,47,2,11,400
3845,47,2,6,400
3846,47,2,21,400
3847,47,2,2,800
3848,47,2,17,800
3849,47,2,27,800
3850,47,2,12,800
3851,47,2,7,800
3852,47,2,22,800
3853,47,2,3,1200
3854,47,2,18,1200
3855,47,2,28,1200
3856,47,2,13,1200
3857,47,2,8,1200
3858,47,2,23,1200
3859,47,2,4,4000
3860,47,2,19,1600
3861,47,2,29,1600
3862,47,2,14,1600
3863,47,2,9,1600
3864,47,2,24,1600
3865,47,2,5,2000
3866,47,2,20,2000
3867,47,2,30,2000
3868,47,2,15,2000
3869,47,2,10,2000
3870,47,2,25,10000
3871,47,3,0,0
3872,46,1,16,200
3873,46,1,6,200
3874,46,1,1,200
3875,46,1,20,200
3876,46,1,26,200
3877,46,1,11,200
3878,46,1,17,400
3879,46,1,7,400
3880,46,1,2,400
3881,46,1,22,400
3882,46,1,27,400
3883,46,1,12,400
3884,46,1,18,600
3885,46,1,8,600
3886,46,1,3,600
3887,46,1,23,600
3888,46,1,28,600
3889,46,1,13,2000
3890,46,1,19,800
3891,46,1,9,800
3892,46,1,4,800
3893,46,1,24,800
3894,46,1,29,800
3895,46,1,14,800
3896,46,1,21,1000
3897,46,1,10,1000
3898,46,1,5,1000
3899,46,1,25,1000
3900,46,1,30,1000
3901,46,1,15,1000
3902,46,2,1,400
3903,46,2,12,400
3904,46,2,17,400
3905,46,2,20,400
3906,46,2,2,400
3907,46,2,7,400
3908,46,2,13,800
3909,46,2,18,800
3910,46,2,23,800
3911,46,2,3,800
3912,46,2,8,800
3913,46,2,27,5200
3914,46,2,14,1200
3915,46,2,19,1000
3916,46,2,24,1200
3917,46,2,4,1200
3918,46,2,9,1200
3919,46,2,28,1600
3920,46,2,15,1600
3921,46,2,21,1600
3922,46,2,25,1600
3923,46,2,5,1600
3924,46,2,10,1600
3925,46,2,16,2000
3926,46,2,22,2000
3927,46,2,26,2000
3928,46,2,6,2000
3929,46,2,11,2000
3930,46,3,0,0
3931,45,1,2,200
3932,45,1,1,200
3933,45,1,11,200
3934,45,1,26,200
3935,45,1,21,200
3936,45,1,16,200
3937,45,1,7,400
3938,45,1,3,400
3939,45,1,12,400
3940,45,1,27,400
3941,45,1,22,400
3942,45,1,17,400
3943,45,1,8,600
3944,45,1,4,600
3945,45,1,13,600
3946,45,1,28,600
3947,45,1,23,600
3948,45,1,18,600
3949,45,1,9,800
3950,45,1,5,800
3951,45,1,14,800
3952,45,1,29,800
3953,45,1,24,800
3954,45,1,19,800
3955,45,1,10,1000
3956,45,1,6,1000
3957,45,1,15,1000
3958,45,1,30,2000
3959,45,1,25,1000
3960,45,1,20,1000
3961,45,2,1,400
3962,45,2,16,400
3963,45,2,6,400
3964,45,2,11,400
3965,45,2,21,400
3966,45,2,23,400
3967,45,2,2,800
3968,45,2,17,800
3969,45,2,7,800
3970,45,2,12,800
3971,45,2,22,800
3972,45,2,24,800
3973,45,2,3,1200
3974,45,2,18,1200
3975,45,2,8,1200
3976,45,2,13,1200
3977,45,2,28,1200
3978,45,2,25,1200
3979,45,2,4,3000
3980,45,2,19,1600
3981,45,2,9,1600
3982,45,2,14,1600
3983,45,2,29,1600
3984,45,2,26,1600
3985,45,2,5,2000
3986,45,2,20,2000
3987,45,2,10,2000
3988,45,2,15,3600
3989,45,2,30,2000
3990,45,2,27,2000
3991,45,3,0,0
3992,44,1,26,200
3993,44,1,6,200
3994,44,1,9,200
3995,44,1,21,200
3996,44,1,16,200
3997,44,1,1,200
3998,44,1,27,400
3999,44,1,7,400
4000,44,1,12,400
4001,44,1,22,400
4002,44,1,17,400
4003,44,1,2,400
4004,44,1,28,600
4005,44,1,8,600
4006,44,1,13,600
4007,44,1,23,600
4008,44,1,18,600
4009,44,1,3,1000
4010,44,1,29,800
4011,44,1,10,800
4012,44,1,14,800
4013,44,1,24,800
4014,44,1,19,800
4015,44,1,4,800
4016,44,1,30,1000
4017,44,1,11,1000
4018,44,1,15,1000
4019,44,1,25,1000
4020,44,1,20,1000
4021,44,1,5,1000
4022,44,2,26,400
4023,44,2,16,400
4024,44,2,21,400
4025,44,2,11,400
4026,44,2,1,400
4027,44,2,2,400
4028,44,2,27,800
4029,44,2,17,800
4030,44,2,22,800
4031,44,2,12,800
4032,44,2,7,800
4033,44,2,3,800
4034,44,2,28,1200
4035,44,2,18,1200
4036,44,2,23,1200
4037,44,2,13,1200
4038,44,2,8,5200
4039,44,2,4,1200
4040,44,2,29,1600
4041,44,2,19,1600
4042,44,2,24,1600
4043,44,2,14,4000
4044,44,2,9,1600
4045,44,2,5,1600
4046,44,2,20,2000
4047,44,2,25,2000
4048,44,2,15,2000
4049,44,2,10,2000
4050,44,2,6,2000
4051,44,3,0,0
4052,43,1,23,200
4053,43,1,21,200
4054,43,1,6,200
4055,43,1,1,200
4056,43,1,16,200
4057,43,1,11,200
4058,43,1,24,400
4059,43,1,22,400
4060,43,1,7,400
4061,43,1,2,400
4062,43,1,17,400
4063,43,1,12,400
4064,43,1,25,600
4065,43,1,26,600
4066,43,1,8,600
4067,43,1,3,600
4068,43,1,18,600
4069,43,1,13,600
4070,43,1,29,800
4071,43,1,27,800
4072,43,1,9,800
4073,43,1,4,800
4074,43,1,19,800
4075,43,1,14,800
4076,43,1,30,1000
4077,43,1,28,1000
4078,43,1,10,1000
4079,43,1,5,1000
4080,43,1,20,1000
4081,43,1,15,1000
4082,43,2,9,400
4083,43,2,1,400
4084,43,2,13,400
4085,43,2,19,400
4086,43,2,2,400
4087,43,2,7,400
4088,43,2,18,800
4089,43,2,14,800
4090,43,2,20,800
4091,43,2,3,800
4092,43,2,8,800
4093,43,2,24,1200
4094,43,2,15,1200
4095,43,2,21,1200
4096,43,2,4,1200
4097,43,2,10,7800
4098,43,2,28,1600
4099,43,2,25,1600
4100,43,2,16,1600
4101,43,2,22,7800
4102,43,2,5,1600
4103,43,2,11,1600
4104,43,2,27,2000
4105,43,2,26,2000
4106,43,2,17,2000
4107,43,2,23,2000
4108,43,2,6,2000
4109,43,2,12,2000
4110,43,3,0,0
4111,42,1,30,200
4112,42,1,7,200
4113,42,1,16,200
4114,42,1,1,200
4115,42,1,20,200
4116,42,1,6,200
4117,42,1,29,400
4118,42,1,8,400
4119,42,1,17,400
4120,42,1,2,400
4121,42,1,21,400
4122,42,1,12,400
4123,42,1,28,600
4124,42,1,9,600
4125,42,1,18,600
4126,42,1,3,600
4127,42,1,22,600
4128,42,1,13,600
4129,42,1,27,800
4130,42,1,10,800
4131,42,1,19,800
4132,42,1,4,1000
4133,42,1,23,800
4134,42,1,14,800
4135,42,1,26,1000
4136,42,1,11,1000
4137,42,1,25,1000
4138,42,1,5,1000
4139,42,1,24,1000
4140,42,1,15,1000
4141,42,2,14,400
4142,42,2,20,400
4143,42,2,1,400
4144,42,2,9,400
4145,42,2,15,800
4146,42,2,19,800
4147,42,2,28,800
4148,42,2,27,800
4149,42,2,2,800
4150,42,2,10,800
4151,42,2,16,1200
4152,42,2,3,1200
4153,42,2,21,1200
4154,42,2,24,1200
4155,42,2,6,1200
4156,42,2,13,1200
4157,42,2,17,1600
4158,42,2,4,1600
4159,42,2,22,1600
4160,42,2,25,4800
4161,42,2,7,1600
4162,42,2,12,1600
4163,42,2,18,2000
4164,42,2,5,2000
4165,42,2,23,4400
4166,42,2,26,2000
4167,42,2,8,2000
4168,42,2,11,2000
4169,42,3,0,0
4170,41,1,1,200
4171,41,1,8,200
4172,41,1,26,200
4173,41,1,2,200
4174,41,1,21,200
4175,41,1,10,200
4176,41,1,7,400
4177,41,1,9,400
4178,41,1,27,400
4179,41,1,3,400
4180,41,1,22,400
4181,41,1,14,400
4182,41,1,11,600
4183,41,1,18,600
4184,41,1,28,600
4185,41,1,4,600
4186,41,1,23,600
4187,41,1,15,600
4188,41,1,12,1600
4189,41,1,19,800
4190,41,1,29,800
4191,41,1,5,800
4192,41,1,24,800
4193,41,1,16,800
4194,41,1,13,1000
4195,41,1,20,1000
4196,41,1,30,1000
4197,41,1,6,1000
4198,41,1,25,1000
4199,41,1,17,1000
4200,41,2,16,400
4201,41,2,11,400
4202,41,2,21,400
4203,41,2,24,400
4204,41,2,1,400
4205,41,2,6,400
4206,41,2,17,800
4207,41,2,12,800
4208,41,2,22,800
4209,41,2,30,800
4210,41,2,2,800
4211,41,2,7,800
4212,41,2,18,3200
4213,41,2,13,1200
4214,41,2,23,1200
4215,41,2,27,1200
4216,41,2,3,1200
4217,41,2,8,1200
4218,41,2,19,1600
4219,41,2,14,1600
4220,41,2,25,1600
4221,41,2,28,1600
4222,41,2,4,1600
4223,41,2,9,1600
4224,41,2,20,2000
4225,41,2,15,2000
4226,41,2,26,2000
4227,41,2,29,2800
4228,41,2,5,2000
4229,41,2,10,2000
4230,41,3,0,0
4231,40,1,21,200
4232,40,1,1,200
4233,40,1,6,200
4234,40,1,11,200
4235,40,1,16,200
4236,40,1,26,200
4237,40,1,22,400
4238,40,1,2,400
4239,40,1,7,400
4240,40,1,12,400
4241,40,1,17,400
4242,40,1,27,400
4243,40,1,23,600
4244,40,1,3,600
4245,40,1,8,600
4246,40,1,13,600
4247,40,1,18,600
4248,40,1,28,600
4249,40,1,24,800
4250,40,1,4,800
4251,40,1,9,2000
4252,40,1,14,800
4253,40,1,19,800
4254,40,1,29,800
4255,40,1,25,1000
4256,40,1,5,1000
4257,40,1,10,1000
4258,40,1,15,1000
4259,40,1,20,1000
4260,40,1,30,1000
4261,40,2,8,400
4262,40,2,16,400
4263,40,2,26,400
4264,40,2,1,400
4265,40,2,6,400
4266,40,2,21,400
4267,40,2,9,800
4268,40,2,17,800
4269,40,2,27,800
4270,40,2,2,800
4271,40,2,7,800
4272,40,2,22,800
4273,40,2,13,1200
4274,40,2,18,1200
4275,40,2,28,1200
4276,40,2,3,1200
4277,40,2,10,1200
4278,40,2,23,1200
4279,40,2,14,1600
4280,40,2,19,1600
4281,40,2,29,1600
4282,40,2,4,1600
4283,40,2,11,1600
4284,40,2,24,2600
4285,40,2,15,2000
4286,40,2,20,2000
4287,40,2,30,2000
4288,40,2,5,2000
4289,40,2,12,2000
4290,40,2,25,2000
4291,40,3,0,0
4292,39,1,6,200
4293,39,1,21,200
4294,39,1,16,200
4295,39,1,1,200
4296,39,1,11,200
4297,39,1,26,200
4298,39,1,7,400
4299,39,1,22,400
4300,39,1,17,400
4301,39,1,2,400
4302,39,1,12,400
4303,39,1,27,400
4304,39,1,8,600
4305,39,1,23,600
4306,39,1,18,600
4307,39,1,3,600
4308,39,1,13,600
4309,39,1,28,600
4310,39,1,9,800
4311,39,1,24,1200
4312,39,1,19,800
4313,39,1,4,800
4314,39,1,14,800
4315,39,1,29,800
4316,39,1,10,1000
4317,39,1,25,1000
4318,39,1,20,1000
4319,39,1,5,1000
4320,39,1,15,1000
4321,39,1,30,1000
4322,39,2,21,400
4323,39,2,11,400
4324,39,2,16,400
4325,39,2,26,400
4326,39,2,1,400
4327,39,2,6,400
4328,39,2,22,7800
4329,39,2,12,800
4330,39,2,17,800
4331,39,2,27,800
4332,39,2,2,800
4333,39,2,7,800
4334,39,2,23,1200
4335,39,2,13,1200
4336,39,2,18,1600
4337,39,2,28,1200
4338,39,2,3,1200
4339,39,2,8,1200
4340,39,2,24,1600
4341,39,2,14,1600
4342,39,2,19,1600
4343,39,2,29,1600
4344,39,2,4,1600
4345,39,2,9,1600
4346,39,2,25,2000
4347,39,2,15,2000
4348,39,2,20,2000
4349,39,2,30,2000
4350,39,2,5,2000
4351,39,2,10,2000
4352,39,3,0,0
4353,38,1,1,200
4354,38,1,11,200
4355,38,1,22,200
4356,38,1,6,200
4357,38,1,21,200
4358,38,1,16,200
4359,38,1,2,400
4360,38,1,12,400
4361,38,1,27,400
4362,38,1,7,400
4363,38,1,23,400
4364,38,1,17,400
4365,38,1,3,600
4366,38,1,13,600
4367,38,1,28,600
4368,38,1,8,600
4369,38,1,24,600
4370,38,1,18,600
4371,38,1,4,800
4372,38,1,14,800
4373,38,1,29,800
4374,38,1,9,800
4375,38,1,25,800
4376,38,1,19,800
4377,38,1,5,1000
4378,38,1,15,1000
4379,38,1,30,1000
4380,38,1,10,1000
4381,38,1,26,1000
4382,38,1,20,1000
4383,38,2,1,400
4384,38,2,9,400
4385,38,2,6,400
4386,38,2,16,400
4387,38,2,30,400
4388,38,2,21,400
4389,38,2,2,800
4390,38,2,12,800
4391,38,2,7,800
4392,38,2,17,800
4393,38,2,29,800
4394,38,2,22,800
4395,38,2,3,1200
4396,38,2,13,1200
4397,38,2,8,1200
4398,38,2,18,1200
4399,38,2,26,5000
4400,38,2,25,1200
4401,38,2,4,1600
4402,38,2,14,1600
4403,38,2,10,1600
4404,38,2,19,1600
4405,38,2,28,1600
4406,38,2,23,1600
4407,38,2,5,2000
4408,38,2,15,2000
4409,38,2,11,5000
4410,38,2,20,2000
4411,38,2,27,2000
4412,38,2,24,2000
4413,38,3,0,0
4414,37,1,19,200
4415,37,1,26,200
4416,37,1,11,200
4417,37,1,1,200
4418,37,1,16,200
4419,37,1,2,200
4420,37,1,22,400
4421,37,1,27,400
4422,37,1,12,400
4423,37,1,3,400
4424,37,1,17,400
4425,37,1,7,400
4426,37,1,23,600
4427,37,1,28,600
4428,37,1,13,1000
4429,37,1,4,600
4430,37,1,18,600
4431,37,1,8,600
4432,37,1,24,800
4433,37,1,29,800
4434,37,1,14,800
4435,37,1,5,800
4436,37,1,20,800
4437,37,1,9,800
4438,37,1,25,1000
4439,37,1,30,1000
4440,37,1,15,1000
4441,37,1,6,1000
4442,37,1,21,1000
4443,37,1,10,1000
4444,37,2,16,400
4445,37,2,21,400
4446,37,2,30,400
4447,37,2,1,400
4448,37,2,11,400
4449,37,2,6,400
4450,37,2,17,800
4451,37,2,26,800
4452,37,2,22,800
4453,37,2,2,800
4454,37,2,12,800
4455,37,2,7,800
4456,37,2,18,1200
4457,37,2,27,1200
4458,37,2,23,1200
4459,37,2,3,1200
4460,37,2,13,1200
4461,37,2,8,1200
4462,37,2,19,1600
4463,37,2,28,1600
4464,37,2,24,1600
4465,37,2,4,400
4466,37,2,14,1600
4467,37,2,9,1600
4468,37,2,20,2000
4469,37,2,29,2000
4470,37,2,25,4000
4471,37,2,5,2000
4472,37,2,15,2000
4473,37,2,10,2000
4474,37,3,0,0
4475,36,1,6,200
4476,36,1,16,200
4477,36,1,17,200
4478,36,1,1,200
4479,36,1,11,200
4480,36,1,23,200
4481,36,1,7,400
4482,36,1,18,400
4483,36,1,22,400
4484,36,1,2,400
4485,36,1,12,400
4486,36,1,24,400
4487,36,1,8,600
4488,36,1,19,600
4489,36,1,28,600
4490,36,1,3,600
4491,36,1,13,600
4492,36,1,25,600
4493,36,1,9,800
4494,36,1,20,800
4495,36,1,29,800
4496,36,1,4,800
4497,36,1,14,800
4498,36,1,26,800
4499,36,1,10,1000
4500,36,1,21,1000
4501,36,1,30,1000
4502,36,1,5,2000
4503,36,1,15,1000
4504,36,1,27,1000
4505,36,2,21,400
4506,36,2,30,400
4507,36,2,6,400
4508,36,2,1,400
4509,36,2,16,400
4510,36,2,11,400
4511,36,2,22,800
4512,36,2,29,800
4513,36,2,7,800
4514,36,2,2,800
4515,36,2,17,800
4516,36,2,12,800
4517,36,2,23,1200
4518,36,2,26,1200
4519,36,2,8,1200
4520,36,2,3,1200
4521,36,2,18,1200
4522,36,2,13,2500
4523,36,2,24,1600
4524,36,2,27,1600
4525,36,2,9,1600
4526,36,2,4,1600
4527,36,2,19,1600
4528,36,2,14,1600
4529,36,2,25,2000
4530,36,2,28,1600
4531,36,2,10,2000
4532,36,2,5,2000
4533,36,2,20,2000
4534,36,2,15,2000
4535,36,3,0,0
4821,30,1,1,200
4822,30,1,2,200
4823,30,1,3,200
4824,30,1,21,200
4825,30,1,26,200
4826,30,1,14,200
4827,30,1,8,400
4828,30,1,4,400
4829,30,1,9,400
4830,30,1,22,400
4831,30,1,27,400
4832,30,1,17,400
4833,30,1,13,600
4834,30,1,5,600
4835,30,1,10,600
4836,30,1,23,600
4837,30,1,28,600
4838,30,1,18,600
4839,30,1,15,800
4840,30,1,6,800
4841,30,1,11,800
4842,30,1,24,3000
4843,30,1,29,800
4844,30,1,19,800
4845,30,1,16,1000
4846,30,1,7,1000
4847,30,1,12,1000
4848,30,1,25,1000
4849,30,1,30,1000
4850,30,1,20,1000
4851,30,2,26,400
4852,30,2,16,400
4853,30,2,11,400
4854,30,2,1,400
4855,30,2,21,400
4856,30,2,6,400
4857,30,2,27,800
4858,30,2,17,800
4859,30,2,12,800
4860,30,2,2,800
4861,30,2,22,800
4862,30,2,7,800
4863,30,2,28,1200
4864,30,2,18,1200
4865,30,2,13,1200
4866,30,2,3,1200
4867,30,2,23,3000
4868,30,2,8,1200
4869,30,2,29,1600
4870,30,2,19,1600
4871,30,2,14,1600
4872,30,2,4,1600
4873,30,2,24,1600
4874,30,2,9,1600
4875,30,2,30,2000
4876,30,2,20,2000
4877,30,2,15,5000
4878,30,2,5,2000
4879,30,2,25,2000
4880,30,2,10,2000
4881,30,3,0,0
4882,29,1,1,200
4883,29,1,26,200
4884,29,1,9,200
4885,29,1,16,200
4886,29,1,6,200
4887,29,1,21,200
4888,29,1,2,400
4889,29,1,27,400
4890,29,1,10,400
4891,29,1,17,400
4892,29,1,7,400
4893,29,1,22,400
4894,29,1,3,600
4895,29,1,28,600
4896,29,1,13,600
4897,29,1,18,600
4898,29,1,8,600
4899,29,1,23,600
4900,29,1,4,800
4901,29,1,29,800
4902,29,1,14,2100
4903,29,1,19,800
4904,29,1,11,800
4905,29,1,24,800
4906,29,1,5,1000
4907,29,1,30,1000
4908,29,1,15,1000
4909,29,1,20,1000
4910,29,1,12,1000
4911,29,1,25,1000
4912,29,2,6,400
4913,29,2,1,400
4914,29,2,21,400
4915,29,2,25,400
4916,29,2,16,400
4917,29,2,11,400
4918,29,2,7,800
4919,29,2,2,800
4920,29,2,22,800
4921,29,2,26,800
4922,29,2,17,800
4923,29,2,12,800
4924,29,2,8,1200
4925,29,2,3,1200
4926,29,2,23,1200
4927,29,2,28,2000
4928,29,2,18,2300
4929,29,2,13,1200
4930,29,2,9,1600
4931,29,2,4,1600
4932,29,2,24,1600
4933,29,2,29,1600
4934,29,2,19,1600
4935,29,2,14,1600
4936,29,2,10,2000
4937,29,2,5,2000
4938,29,2,27,2000
4939,29,2,30,2000
4940,29,2,20,2000
4941,29,2,15,2000
4942,29,3,0,0
4943,28,1,26,200
4944,28,1,21,200
4945,28,1,16,200
4946,28,1,11,200
4947,28,1,4,200
4948,28,1,1,200
4949,28,1,27,400
4950,28,1,22,400
4951,28,1,17,400
4952,28,1,12,400
4953,28,1,7,400
4954,28,1,2,400
4955,28,1,28,600
4956,28,1,23,600
4957,28,1,18,600
4958,28,1,13,600
4959,28,1,8,600
4960,28,1,3,600
4961,28,1,24,800
4962,28,1,19,800
4963,28,1,14,800
4964,28,1,9,800
4965,28,1,5,800
4966,28,1,25,1000
4967,28,1,20,1000
4968,28,1,15,1000
4969,28,1,10,1000
4970,28,1,6,1600
4971,28,2,6,400
4972,28,2,26,400
4973,28,2,1,400
4974,28,2,11,400
4975,28,2,21,400
4976,28,2,16,400
4977,28,2,7,800
4978,28,2,27,800
4979,28,2,2,800
4980,28,2,12,800
4981,28,2,22,800
4982,28,2,17,800
4983,28,2,8,1200
4984,28,2,28,1200
4985,28,2,3,1200
4986,28,2,13,1200
4987,28,2,23,1200
4988,28,2,18,1200
4989,28,2,9,1600
4990,28,2,29,1600
4991,28,2,4,4000
4992,28,2,14,1600
4993,28,2,24,1600
4994,28,2,19,1600
4995,28,2,10,2000
4996,28,2,30,2000
4997,28,2,5,2000
4998,28,2,15,2000
4999,28,2,25,6000
5000,28,2,20,2000
5001,28,3,0,0
5002,27,1,1,200
5003,27,1,6,200
5004,27,1,18,200
5005,27,1,12,200
5006,27,1,17,200
5007,27,1,7,200
5008,27,1,2,400
5009,27,1,27,400
5010,27,1,19,400
5011,27,1,13,400
5012,27,1,23,400
5013,27,1,8,400
5014,27,1,3,600
5015,27,1,28,600
5016,27,1,20,600
5017,27,1,14,600
5018,27,1,24,600
5019,27,1,9,600
5020,27,1,4,800
5021,27,1,29,800
5022,27,1,21,800
5023,27,1,15,800
5024,27,1,25,800
5025,27,1,10,800
5026,27,1,5,1000
5027,27,1,30,1000
5028,27,1,22,2800
5029,27,1,16,1000
5030,27,1,26,1000
5031,27,1,11,1000
5032,27,2,11,400
5033,27,2,1,400
5034,27,2,21,400
5035,27,2,16,400
5036,27,2,26,400
5037,27,2,6,400
5038,27,2,12,800
5039,27,2,2,800
5040,27,2,22,800
5041,27,2,17,800
5042,27,2,27,800
5043,27,2,7,800
5044,27,2,13,1200
5045,27,2,3,1200
5046,27,2,23,1200
5047,27,2,18,1200
5048,27,2,28,1200
5049,27,2,8,1200
5050,27,2,14,1000
5051,27,2,4,1600
5052,27,2,24,1600
5053,27,2,19,3200
5054,27,2,9,1600
5055,27,2,15,2000
5056,27,2,5,2000
5057,27,2,25,2000
5058,27,2,20,2000
5059,27,2,10,2000
5060,27,3,0,0
5061,26,1,21,200
5062,26,1,16,200
5063,26,1,26,200
5064,26,1,6,200
5065,26,1,10,200
5066,26,1,1,200
5067,26,1,22,400
5068,26,1,17,400
5069,26,1,27,400
5070,26,1,7,400
5071,26,1,12,400
5072,26,1,2,400
5073,26,1,23,600
5074,26,1,18,600
5075,26,1,28,600
5076,26,1,8,600
5077,26,1,13,600
5078,26,1,3,600
5079,26,1,24,800
5080,26,1,19,800
5081,26,1,29,800
5082,26,1,9,800
5083,26,1,14,800
5084,26,1,4,800
5085,26,1,25,1000
5086,26,1,20,1000
5087,26,1,30,1000
5088,26,1,11,1000
5089,26,1,15,1000
5090,26,1,5,1000
5091,26,2,6,400
5092,26,2,21,400
5093,26,2,16,400
5094,26,2,26,400
5095,26,2,1,400
5096,26,2,11,400
5097,26,2,7,800
5098,26,2,22,800
5099,26,2,17,800
5100,26,2,27,800
5101,26,2,2,800
5102,26,2,12,800
5103,26,2,8,1200
5104,26,2,23,1200
5105,26,2,18,1200
5106,26,2,28,1200
5107,26,2,3,1200
5108,26,2,13,1200
5109,26,2,9,1600
5110,26,2,24,1600
5111,26,2,19,2000
5112,26,2,29,1000
5113,26,2,4,1600
5114,26,2,14,1600
5115,26,2,10,2000
5116,26,2,25,2000
5117,26,2,20,2000
5118,26,2,30,2000
5119,26,2,5,2000
5120,26,2,15,2000
5121,26,3,0,0
5122,25,1,1,200
5123,25,1,26,200
5124,25,1,12,200
5125,25,1,11,200
5126,25,1,6,200
5127,25,1,21,200
5128,25,1,2,400
5129,25,1,27,400
5130,25,1,13,400
5131,25,1,14,400
5132,25,1,7,400
5133,25,1,22,400
5134,25,1,3,600
5135,25,1,28,600
5136,25,1,18,3800
5137,25,1,15,600
5138,25,1,8,600
5139,25,1,23,600
5140,25,1,4,800
5141,25,1,29,800
5142,25,1,19,800
5143,25,1,16,800
5144,25,1,9,800
5145,25,1,24,800
5146,25,1,5,1000
5147,25,1,30,1000
5148,25,1,20,1000
5149,25,1,17,1000
5150,25,1,10,1000
5151,25,1,25,1000
5152,25,2,1,400
5153,25,2,6,400
5154,25,2,21,400
5155,25,2,11,400
5156,25,2,23,400
5157,25,2,16,400
5158,25,2,2,800
5159,25,2,7,800
5160,25,2,22,800
5161,25,2,12,800
5162,25,2,27,800
5163,25,2,17,800
5164,25,2,3,1200
5165,25,2,8,1200
5166,25,2,24,1200
5167,25,2,13,1200
5168,25,2,28,1200
5169,25,2,18,1200
5170,25,2,4,1600
5171,25,2,9,1600
5172,25,2,25,2600
5173,25,2,14,1600
5174,25,2,29,6000
5175,25,2,19,1600
5176,25,2,5,2000
5177,25,2,10,2000
5178,25,2,26,2000
5179,25,2,15,2000
5180,25,2,30,2000
5181,25,2,20,2000
5182,25,3,0,0
5183,24,1,26,200
5184,24,1,19,200
5185,24,1,16,200
5186,24,1,11,200
5187,24,1,6,200
5188,24,1,1,200
5189,24,1,27,400
5190,24,1,22,400
5191,24,1,17,400
5192,24,1,12,400
5193,24,1,7,400
5194,24,1,2,400
5195,24,1,28,600
5196,24,1,23,600
5197,24,1,18,600
5198,24,1,13,600
5199,24,1,8,600
5200,24,1,3,600
5201,24,1,29,2400
5202,24,1,24,800
5203,24,1,20,800
5204,24,1,14,800
5205,24,1,9,800
5206,24,1,4,800
5207,24,1,30,1000
5208,24,1,25,1000
5209,24,1,21,1000
5210,24,1,15,1000
5211,24,1,10,1000
5212,24,1,5,1000
5213,24,2,16,400
5214,24,2,6,400
5215,24,2,22,400
5216,24,2,21,400
5217,24,2,1,400
5218,24,2,11,400
5219,24,2,17,800
5220,24,2,7,800
5221,24,2,23,800
5222,24,2,27,800
5223,24,2,2,800
5224,24,2,12,800
5225,24,2,18,1200
5226,24,2,8,1200
5227,24,2,24,1200
5228,24,2,28,1800
5229,24,2,3,1200
5230,24,2,13,6400
5231,24,2,19,1600
5232,24,2,9,1600
5233,24,2,25,1600
5234,24,2,29,1600
5235,24,2,4,1600
5236,24,2,14,1600
5237,24,2,20,2000
5238,24,2,10,2000
5239,24,2,26,2000
5240,24,2,30,2000
5241,24,2,5,2000
5242,24,2,15,2000
5243,24,3,0,0
5244,23,1,11,200
5245,23,1,21,200
5246,23,1,6,200
5247,23,1,16,200
5248,23,1,1,200
5249,23,1,30,200
5250,23,1,12,400
5251,23,1,22,400
5252,23,1,7,400
5253,23,1,17,400
5254,23,1,2,400
5255,23,1,29,400
5256,23,1,13,600
5257,23,1,23,600
5258,23,1,8,600
5259,23,1,18,600
5260,23,1,3,600
5261,23,1,26,600
5262,23,1,14,800
5263,23,1,24,800
5264,23,1,9,800
5265,23,1,19,800
5266,23,1,4,800
5267,23,1,27,3600
5268,23,1,15,1000
5269,23,1,25,1000
5270,23,1,10,1000
5271,23,1,20,1000
5272,23,1,5,1000
5273,23,1,28,1000
5274,23,2,1,400
5275,23,2,5,400
5276,23,2,11,400
5277,23,2,26,400
5278,23,2,16,400
5279,23,2,21,400
5280,23,2,2,800
5281,23,2,6,800
5282,23,2,12,800
5283,23,2,27,800
5284,23,2,17,800
5285,23,2,22,800
5286,23,2,3,4600
5287,23,2,7,1200
5288,23,2,13,1200
5289,23,2,28,1200
5290,23,2,18,1200
5291,23,2,23,1200
5292,23,2,4,1600
5293,23,2,8,1600
5294,23,2,14,12000
5295,23,2,29,1600
5296,23,2,19,1600
5297,23,2,24,1600
5298,23,2,10,2000
5299,23,2,9,2000
5300,23,2,15,2000
5301,23,2,30,2000
5302,23,2,20,2000
5303,23,2,25,2000
5304,23,3,0,0
5305,22,1,16,200
5306,22,1,26,200
5307,22,1,5,200
5308,22,1,21,200
5309,22,1,11,200
5310,22,1,1,200
5311,22,1,17,400
5312,22,1,27,400
5313,22,1,6,400
5314,22,1,22,400
5315,22,1,12,400
5316,22,1,2,400
5317,22,1,18,600
5318,22,1,28,600
5319,22,1,7,600
5320,22,1,23,600
5321,22,1,13,600
5322,22,1,3,600
5323,22,1,19,800
5324,22,1,29,800
5325,22,1,8,800
5326,22,1,24,800
5327,22,1,14,800
5328,22,1,4,800
5329,22,1,20,1000
5330,22,1,30,1000
5331,22,1,9,1000
5332,22,1,25,1000
5333,22,1,15,1000
5334,22,1,10,1000
5335,22,2,11,400
5336,22,2,26,400
5337,22,2,6,400
5338,22,2,16,400
5339,22,2,21,400
5340,22,2,1,400
5341,22,2,12,800
5342,22,2,27,800
5343,22,2,7,800
5344,22,2,17,800
5345,22,2,22,800
5346,22,2,2,800
5347,22,2,13,1200
5348,22,2,28,2200
5349,22,2,8,1200
5350,22,2,18,1200
5351,22,2,23,1200
5352,22,2,3,1200
5353,22,2,14,1600
5354,22,2,29,1600
5355,22,2,9,1600
5356,22,2,19,1600
5357,22,2,24,1600
5358,22,2,4,1600
5359,22,2,15,800
5360,22,2,30,2000
5361,22,2,10,2000
5362,22,2,20,2000
5363,22,2,25,2000
5364,22,2,5,2000
5365,22,3,0,0
5366,21,1,1,200
5367,21,1,26,200
5368,21,1,21,200
5369,21,1,6,200
5370,21,1,13,200
5371,21,1,8,200
5372,21,1,2,400
5373,21,1,27,400
5374,21,1,22,400
5375,21,1,7,400
5376,21,1,14,400
5377,21,1,9,400
5378,21,1,3,600
5379,21,1,28,600
5380,21,1,23,600
5381,21,1,15,600
5382,21,1,17,600
5383,21,1,10,600
5384,21,1,4,1000
5385,21,1,29,800
5386,21,1,24,800
5387,21,1,16,800
5388,21,1,18,800
5389,21,1,11,800
5390,21,1,5,1000
5391,21,1,30,1000
5392,21,1,25,1000
5393,21,1,20,1000
5394,21,1,19,1000
5395,21,1,12,1000
5396,21,2,11,400
5397,21,2,3,400
5398,21,2,14,400
5399,21,2,20,400
5400,21,2,26,400
5401,21,2,1,400
5402,21,2,12,800
5403,21,2,7,800
5404,21,2,15,800
5405,21,2,21,800
5406,21,2,27,800
5407,21,2,2,800
5408,21,2,13,1200
5409,21,2,8,1200
5410,21,2,16,1200
5411,21,2,22,1200
5412,21,2,30,1200
5413,21,2,4,1200
5414,21,2,17,1700
5415,21,2,9,1600
5416,21,2,19,1600
5417,21,2,23,1600
5418,21,2,29,1600
5419,21,2,5,5400
5420,21,2,18,2000
5421,21,2,10,2000
5422,21,2,25,2000
5423,21,2,24,2000
5424,21,2,28,2000
5425,21,2,6,2000
5426,21,3,0,0
6037,10,1,6,200
6038,10,1,11,200
6039,10,1,26,200
6040,10,1,25,200
6041,10,1,20,200
6042,10,1,1,200
6043,10,1,7,400
6044,10,1,12,400
6045,10,1,13,400
6046,10,1,21,400
6047,10,1,2,400
6048,10,1,8,600
6049,10,1,14,600
6050,10,1,17,600
6051,10,1,22,600
6052,10,1,3,600
6053,10,1,9,800
6054,10,1,15,2000
6055,10,1,18,800
6056,10,1,23,800
6057,10,1,4,800
6058,10,1,10,1000
6059,10,1,16,1000
6060,10,1,19,1000
6061,10,1,24,1000
6062,10,1,5,1000
6063,10,2,7,400
6064,10,2,18,400
6065,10,2,6,400
6066,10,2,12,400
6067,10,2,26,400
6068,10,2,1,400
6069,10,2,8,800
6070,10,2,19,800
6071,10,2,17,800
6072,10,2,13,800
6073,10,2,27,800
6074,10,2,2,800
6075,10,2,9,1200
6076,10,2,20,1200
6077,10,2,23,1200
6078,10,2,14,1200
6079,10,2,28,1200
6080,10,2,3,1200
6081,10,2,10,1600
6082,10,2,21,1600
6083,10,2,24,1600
6084,10,2,15,1600
6085,10,2,29,1600
6086,10,2,4,1600
6087,10,2,11,2000
6088,10,2,22,5200
6089,10,2,25,2200
6090,10,2,16,2000
6091,10,2,5,2000
6092,10,3,0,0
6093,9,1,6,200
6094,9,1,26,200
6095,9,1,1,200
6096,9,1,16,200
6097,9,1,11,200
6098,9,1,21,200
6099,9,1,7,400
6100,9,1,27,400
6101,9,1,2,400
6102,9,1,17,400
6103,9,1,12,400
6104,9,1,22,400
6105,9,1,8,600
6106,9,1,28,600
6107,9,1,3,600
6108,9,1,18,600
6109,9,1,13,600
6110,9,1,23,600
6111,9,1,9,800
6112,9,1,29,1400
6113,9,1,4,800
6114,9,1,19,800
6115,9,1,14,800
6116,9,1,24,800
6117,9,1,10,1000
6118,9,1,30,1000
6119,9,1,5,1000
6120,9,1,20,1000
6121,9,1,15,1000
6122,9,1,25,1000
6123,9,2,11,400
6124,9,2,1,400
6125,9,2,21,400
6126,9,2,16,400
6127,9,2,26,400
6128,9,2,6,400
6129,9,2,12,800
6130,9,2,2,800
6131,9,2,22,800
6132,9,2,17,800
6133,9,2,27,800
6134,9,2,7,800
6135,9,2,13,1200
6136,9,2,3,1200
6137,9,2,25,1200
6138,9,2,18,2200
6139,9,2,28,1200
6140,9,2,8,1200
6141,9,2,14,1600
6142,9,2,4,1600
6143,9,2,23,1600
6144,9,2,19,1600
6145,9,2,29,1600
6146,9,2,9,1600
6147,9,2,15,2000
6148,9,2,5,2000
6149,9,2,24,2000
6150,9,2,20,2000
6151,9,2,10,4600
6152,9,3,0,0
6153,8,1,21,200
6154,8,1,6,200
6155,8,1,1,200
6156,8,1,11,200
6157,8,1,16,200
6158,8,1,30,200
6159,8,1,22,400
6160,8,1,7,400
6161,8,1,2,400
6162,8,1,12,400
6163,8,1,17,400
6164,8,1,26,400
6165,8,1,23,600
6166,8,1,8,600
6167,8,1,3,600
6168,8,1,13,600
6169,8,1,18,600
6170,8,1,27,600
6171,8,1,24,800
6172,8,1,9,800
6173,8,1,4,800
6174,8,1,14,800
6175,8,1,19,800
6176,8,1,28,2000
6177,8,1,25,1000
6178,8,1,10,1000
6179,8,1,5,1000
6180,8,1,15,1000
6181,8,1,20,1000
6182,8,1,29,1000
6183,8,2,11,400
6184,8,2,6,400
6185,8,2,16,400
6186,8,2,1,400
6187,8,2,26,400
6188,8,2,21,400
6189,8,2,12,800
6190,8,2,7,800
6191,8,2,17,800
6192,8,2,2,800
6193,8,2,30,800
6194,8,2,22,800
6195,8,2,13,1500
6196,8,2,8,1200
6197,8,2,18,1200
6198,8,2,3,1200
6199,8,2,27,1200
6200,8,2,23,1200
6201,8,2,14,1600
6202,8,2,9,8400
6203,8,2,19,1600
6204,8,2,4,1600
6205,8,2,28,1600
6206,8,2,24,1600
6207,8,2,15,2000
6208,8,2,10,2000
6209,8,2,20,2000
6210,8,2,5,2000
6211,8,2,29,2000
6212,8,2,25,2000
6213,8,3,0,0
6214,7,1,16,200
6215,7,1,6,200
6216,7,1,1,200
6217,7,1,26,200
6218,7,1,11,200
6219,7,1,21,200
6220,7,1,17,400
6221,7,1,7,400
6222,7,1,2,400
6223,7,1,27,400
6224,7,1,12,400
6225,7,1,22,400
6226,7,1,18,1400
6227,7,1,8,600
6228,7,1,3,600
6229,7,1,28,600
6230,7,1,13,600
6231,7,1,23,600
6232,7,1,19,800
6233,7,1,9,800
6234,7,1,4,800
6235,7,1,29,800
6236,7,1,14,800
6237,7,1,24,800
6238,7,1,20,1000
6239,7,1,10,1000
6240,7,1,5,1000
6241,7,1,30,1000
6242,7,1,15,1000
6243,7,1,25,1000
6244,7,2,1,400
6245,7,2,14,400
6246,7,2,21,400
6247,7,2,11,400
6248,7,2,6,400
6249,7,2,26,400
6250,7,2,2,800
6251,7,2,15,800
6252,7,2,22,800
6253,7,2,12,800
6254,7,2,7,800
6255,7,2,27,800
6256,7,2,3,1200
6257,7,2,16,1200
6258,7,2,23,1200
6259,7,2,13,1200
6260,7,2,8,1200
6261,7,2,28,1200
6262,7,2,4,1600
6263,7,2,17,1600
6264,7,2,24,3400
6265,7,2,19,1600
6266,7,2,9,4000
6267,7,2,29,1600
6268,7,2,5,2000
6269,7,2,18,2000
6270,7,2,25,2000
6271,7,2,20,2000
6272,7,2,10,2000
6273,7,2,30,2000
6274,7,3,0,0
6275,6,1,11,200
6276,6,1,26,200
6277,6,1,6,200
6278,6,1,16,200
6279,6,1,1,200
6280,6,1,21,200
6281,6,1,12,400
6282,6,1,27,400
6283,6,1,7,400
6284,6,1,17,400
6285,6,1,2,400
6286,6,1,22,400
6287,6,1,13,600
6288,6,1,28,600
6289,6,1,8,600
6290,6,1,18,600
6291,6,1,3,600
6292,6,1,23,600
6293,6,1,14,800
6294,6,1,29,800
6295,6,1,9,800
6296,6,1,19,800
6297,6,1,4,800
6298,6,1,24,800
6299,6,1,15,2200
6300,6,1,30,1000
6301,6,1,10,1000
6302,6,1,20,1000
6303,6,1,5,1000
6304,6,1,25,1000
6305,6,2,17,400
6306,6,2,12,400
6307,6,2,7,400
6308,6,2,2,400
6309,6,2,1,400
6310,6,2,22,400
6311,6,2,18,800
6312,6,2,13,800
6313,6,2,8,800
6314,6,2,3,800
6315,6,2,27,800
6316,6,2,23,800
6317,6,2,19,1200
6318,6,2,14,1200
6319,6,2,9,1200
6320,6,2,4,3000
6321,6,2,28,1200
6322,6,2,24,1200
6323,6,2,20,7000
6324,6,2,15,1600
6325,6,2,10,1600
6326,6,2,5,1600
6327,6,2,29,1600
6328,6,2,25,1600
6329,6,2,21,2000
6330,6,2,16,2000
6331,6,2,11,2000
6332,6,2,6,2000
6333,6,2,30,2000
6334,6,2,26,2000
6335,6,3,0,0
6336,5,1,1,200
6337,5,1,6,200
6338,5,1,11,200
6339,5,1,26,200
6340,5,1,21,200
6341,5,1,16,200
6342,5,1,2,400
6343,5,1,7,400
6344,5,1,12,400
6345,5,1,27,400
6346,5,1,22,400
6347,5,1,17,400
6348,5,1,3,600
6349,5,1,8,600
6350,5,1,13,600
6351,5,1,28,600
6352,5,1,23,600
6353,5,1,18,600
6354,5,1,4,800
6355,5,1,9,800
6356,5,1,14,800
6357,5,1,29,800
6358,5,1,24,3000
6359,5,1,19,800
6360,5,1,5,1000
6361,5,1,10,1000
6362,5,1,15,1000
6363,5,1,30,1000
6364,5,1,25,1000
6365,5,1,20,1000
6366,5,2,17,400
6367,5,2,1,400
6368,5,2,3,400
6369,5,2,11,400
6370,5,2,23,400
6371,5,2,18,800
6372,5,2,29,800
6373,5,2,2,800
6374,5,2,4,800
6375,5,2,12,800
6376,5,2,24,800
6377,5,2,20,1200
6378,5,2,28,1200
6379,5,2,8,1200
6380,5,2,5,1200
6381,5,2,13,1200
6382,5,2,25,1200
6383,5,2,21,5200
6384,5,2,16,1600
6385,5,2,9,1600
6386,5,2,6,1600
6387,5,2,14,1600
6388,5,2,26,1600
6389,5,2,22,2000
6390,5,2,19,2000
6391,5,2,10,5800
6392,5,2,7,2000
6393,5,2,15,2000
6394,5,2,27,2000
6395,5,3,0,0
6396,4,1,1,200
6397,4,1,27,200
6398,4,1,16,200
6399,4,1,6,200
6400,4,1,11,200
6401,4,1,21,200
6402,4,1,2,400
6403,4,1,28,400
6404,4,1,17,400
6405,4,1,7,400
6406,4,1,12,400
6407,4,1,22,400
6408,4,1,3,600
6409,4,1,29,600
6410,4,1,18,600
6411,4,1,8,600
6412,4,1,13,600
6413,4,1,23,600
6414,4,1,4,800
6415,4,1,26,800
6416,4,1,19,800
6417,4,1,9,800
6418,4,1,14,2100
6419,4,1,24,800
6420,4,1,5,1000
6421,4,1,30,1000
6422,4,1,20,1000
6423,4,1,10,1000
6424,4,1,15,1000
6425,4,1,25,1000
6426,4,2,6,400
6427,4,2,16,400
6428,4,2,1,400
6429,4,2,21,400
6430,4,2,30,400
6431,4,2,11,400
6432,4,2,7,800
6433,4,2,17,800
6434,4,2,2,800
6435,4,2,22,800
6436,4,2,29,800
6437,4,2,12,800
6438,4,2,8,1200
6439,4,2,18,1200
6440,4,2,3,1200
6441,4,2,23,1200
6442,4,2,28,1200
6443,4,2,13,1200
6444,4,2,9,1600
6445,4,2,19,1600
6446,4,2,4,4500
6447,4,2,24,1600
6448,4,2,27,1600
6449,4,2,14,5800
6450,4,2,10,2000
6451,4,2,20,2000
6452,4,2,5,2000
6453,4,2,25,2000
6454,4,2,26,2000
6455,4,2,15,2000
6456,4,3,0,0
6457,3,1,16,200
6458,3,1,26,200
6459,3,1,21,200
6460,3,1,11,200
6461,3,1,2,200
6462,3,1,1,200
6463,3,1,17,400
6464,3,1,27,400
6465,3,1,22,400
6466,3,1,12,400
6467,3,1,7,400
6468,3,1,3,400
6469,3,1,18,600
6470,3,1,28,600
6471,3,1,23,4200
6472,3,1,13,600
6473,3,1,8,600
6474,3,1,4,600
6475,3,1,19,800
6476,3,1,29,800
6477,3,1,24,800
6478,3,1,14,800
6479,3,1,9,800
6480,3,1,5,800
6481,3,1,20,1000
6482,3,1,30,1000
6483,3,1,25,1000
6484,3,1,15,1000
6485,3,1,10,1000
6486,3,1,6,1000
6487,3,2,21,400
6488,3,2,3,400
6489,3,2,1,400
6490,3,2,7,400
6491,3,2,26,400
6492,3,2,16,400
6493,3,2,22,800
6494,3,2,12,800
6495,3,2,2,800
6496,3,2,8,800
6497,3,2,27,800
6498,3,2,17,800
6499,3,2,23,1200
6500,3,2,13,1200
6501,3,2,4,1200
6502,3,2,9,1200
6503,3,2,18,1200
6504,3,2,24,1600
6505,3,2,14,1600
6506,3,2,5,1600
6507,3,2,10,1600
6508,3,2,19,1600
6509,3,2,25,2000
6510,3,2,15,2000
6511,3,2,6,1000
6512,3,2,11,2000
6513,3,2,20,5600
6514,3,3,0,0
6515,2,1,4,200
6516,2,1,1,200
6517,2,1,21,200
6518,2,1,16,200
6519,2,1,26,200
6520,2,1,11,200
6521,2,1,5,400
6522,2,1,2,400
6523,2,1,22,400
6524,2,1,17,400
6525,2,1,28,400
6526,2,1,12,400
6527,2,1,6,600
6528,2,1,3,600
6529,2,1,23,600
6530,2,1,18,600
6531,2,1,27,600
6532,2,1,13,600
6533,2,1,7,800
6534,2,1,9,800
6535,2,1,24,800
6536,2,1,19,800
6537,2,1,29,800
6538,2,1,14,800
6539,2,1,8,1000
6540,2,1,10,1000
6541,2,1,25,1000
6542,2,1,20,1000
6543,2,1,30,3000
6544,2,1,15,1000
6545,2,2,1,400
6546,2,2,26,400
6547,2,2,21,400
6548,2,2,9,400
6549,2,2,6,400
6550,2,2,16,400
6551,2,2,2,800
6552,2,2,27,800
6553,2,2,22,800
6554,2,2,10,800
6555,2,2,7,800
6556,2,2,17,800
6557,2,2,3,1200
6558,2,2,28,1200
6559,2,2,23,3800
6560,2,2,11,1200
6561,2,2,8,1200
6562,2,2,18,1200
6563,2,2,4,1600
6564,2,2,29,1600
6565,2,2,24,1600
6566,2,2,13,1600
6567,2,2,12,1600
6568,2,2,19,1600
6569,2,2,5,2000
6570,2,2,30,2000
6571,2,2,25,2000
6572,2,2,14,2000
6573,2,2,15,4200
6574,2,2,20,2000
6575,2,3,0,0
6576,1,1,1,200
6577,1,1,4,200
6578,1,1,26,200
6579,1,1,11,200
6580,1,1,21,200
6581,1,1,16,200
6582,1,1,2,400
6583,1,1,5,400
6584,1,1,27,400
6585,1,1,12,400
6586,1,1,22,400
6587,1,1,17,400
6588,1,1,3,600
6589,1,1,8,600
6590,1,1,28,600
6591,1,1,13,600
6592,1,1,23,4000
6593,1,1,18,600
6594,1,1,6,800
6595,1,1,9,800
6596,1,1,29,800
6597,1,1,14,800
6598,1,1,24,800
6599,1,1,19,800
6600,1,1,7,1000
6601,1,1,10,1000
6602,1,1,30,1000
6603,1,1,15,1000
6604,1,1,25,1000
6605,1,1,20,1000
6606,1,2,22,400
6607,1,2,1,400
6608,1,2,21,400
6609,1,2,16,400
6610,1,2,6,400
6611,1,2,11,400
6612,1,2,27,800
6613,1,2,2,800
6614,1,2,23,800
6615,1,2,17,800
6616,1,2,7,800
6617,1,2,12,800
6618,1,2,28,4800
6619,1,2,3,5000
6620,1,2,24,1200
6621,1,2,18,1200
6622,1,2,8,1200
6623,1,2,13,1200
6624,1,2,29,1600
6625,1,2,4,1600
6626,1,2,25,1600
6627,1,2,19,1600
6628,1,2,9,1600
6629,1,2,14,1600
6630,1,2,30,2000
6631,1,2,5,2000
6632,1,2,26,2000
6633,1,2,20,2000
6634,1,2,10,2000
6635,1,2,15,2000
6636,1,3,0,0
